group_id,item_id,cfu,parte,topic,group_text,labels,item_text,correct,source,explanation
1,1,both,2,formule_tipo,"Considerando Fuffi una costante e x una variabile, associa ciascuna delle seguenti formule alla propria tipologia.",A=tautologia|B=formula ground|C=clausola|D=formula in FOL,Cane(Fuffi) => not Gatto(Fuffi),B,sisint1,"In parole povere: Cane(Fuffi)⇒¬Gatto(Fuffi): tutti i simboli sono costanti (Fuffi). Niente variabili, quindi GROUND. È anche una formula FOL ma il termine più stretto è 'ground'."
1,2,both,2,formule_tipo,"Considerando Fuffi una costante e x una variabile, associa ciascuna delle seguenti formule alla propria tipologia.",A=tautologia|B=formula ground|C=clausola|D=formula in FOL,not Piove or Piove,A,sisint1,In parole povere: ¬P ∨ P è vera in ogni interpretazione (legge del terzo escluso). TAUTOLOGIA.
1,3,both,2,formule_tipo,"Considerando Fuffi una costante e x una variabile, associa ciascuna delle seguenti formule alla propria tipologia.",A=tautologia|B=formula ground|C=clausola|D=formula in FOL,"Blu(x) or Sopra(x,y) and not Sopra(x,z)",D,sisint1,"In parole povere: Contiene variabili (x,y,z) e predicati con argomenti, quindi FORMULA FOL generica (non clausola perché ha sia ∨ sia ∧ a livello esterno, non solo disgiunzione di letterali)."
1,4,both,2,formule_tipo,"Considerando Fuffi una costante e x una variabile, associa ciascuna delle seguenti formule alla propria tipologia.",A=tautologia|B=formula ground|C=clausola|D=formula in FOL,A or not B or C,C,sisint1,"In parole povere: A∨¬B∨C: disgiunzione di letterali (A, ¬B, C). Definizione esatta di CLAUSOLA."
1,5,both,2,formule_tipo,"Considerando Fuffi una costante e x una variabile, associa ciascuna delle seguenti formule alla propria tipologia.",A=tautologia|B=formula ground|C=clausola|D=formula in FOL,not Caldo(x) and Caldo(x),D,sisint1,"In parole povere: ¬Caldo(x)∧Caldo(x): contiene variabile x, quindi è FOL. È anche una contraddizione, ma la tipologia richiesta tra le opzioni è FOL."
2,1,both,2,inferenza_FOL,"Si considerino le formule (x variabile, COST costante) e si indichi vero/falso. ¬Alfa(x) v Beta(x) v ¬Gamma(x) ; Alfa(COST)",T=vero|F=falso,la formula più lunga è una clausola di Horn,T,sisint1,"In parole povere: ¬Alfa(x)∨Beta(x)∨¬Gamma(x) ha un solo letterale positivo (Beta(x)). Una clausola di Horn ammette al più un letterale positivo, quindi questa è di Horn (anzi, definita). T."
2,2,both,2,inferenza_FOL,"Si considerino le formule (x variabile, COST costante) e si indichi vero/falso. ¬Alfa(x) v Beta(x) v ¬Gamma(x) ; Alfa(COST)",T=vero|F=falso,la formula più lunga è una clausola,T,sisint1,In parole povere: Una clausola è disgiunzione di letterali. La formula data lo è chiaramente. T.
2,3,both,2,inferenza_FOL,"Si considerino le formule (x variabile, COST costante) e si indichi vero/falso. ¬Alfa(x) v Beta(x) v ¬Gamma(x) ; Alfa(COST)",T=vero|F=falso,il modus ponens è applicabile,F,sisint1,In parole povere: il modus ponens (generalizzato) attiva la regola (Alfa∧Gamma)⇒Beta solo quando tutti gli antecedenti sono fatti noti. Qui c'è Alfa(COST) ma manca Gamma(COST): la regola non si attiva. F.
2,4,both,2,inferenza_FOL,"Si considerino le formule (x variabile, COST costante) e si indichi vero/falso. ¬Alfa(x) v Beta(x) v ¬Gamma(x) ; Alfa(COST)",T=vero|F=falso,la risoluzione è applicabile,T,sisint1,In parole povere: Risoluzione opera su clausole. La formula è già clausola; con Alfa(COST) si può risolvere (¬Alfa(x) e Alfa(COST) unificano con θ={x/COST}). T.
2,5,both,2,inferenza_FOL,"Si considerino le formule (x variabile, COST costante) e si indichi vero/falso. ¬Alfa(x) v Beta(x) v ¬Gamma(x) ; Alfa(COST)",T=vero|F=falso,il forward chaining è applicabile,F,sisint1,In parole povere: il forward chaining attiva la regola (Alfa∧Gamma)⇒Beta solo quando tutti gli antecedenti sono fatti noti. Qui c'è Alfa(COST) ma manca Gamma(COST): la regola non si attiva e Beta non viene derivata. F.
3,1,both,1,strategie_ricerca,Associa ciascuna strategia di ricerca alla sua proprietà principale.,A=completa e ottima con costi unitari|B=non completa in spazi infiniti|C=informata che usa f=g+h|D=combina vantaggi di BFS e DFS,Breadth-First Search,A,sisint1,In parole povere: BFS con costi unitari è ottima (trova soluzione minima per numero di azioni) e completa.
3,2,both,1,strategie_ricerca,Associa ciascuna strategia di ricerca alla sua proprietà principale.,A=completa e ottima con costi unitari|B=non completa in spazi infiniti|C=informata che usa f=g+h|D=combina vantaggi di BFS e DFS,Depth-First Search,B,sisint1,"In parole povere: DFS può perdersi su cammini infiniti, quindi NON COMPLETA in generale (lo è solo su spazi finiti)."
3,3,both,1,strategie_ricerca,Associa ciascuna strategia di ricerca alla sua proprietà principale.,A=completa e ottima con costi unitari|B=non completa in spazi infiniti|C=informata che usa f=g+h|D=combina vantaggi di BFS e DFS,A*,C,sisint1,In parole povere: A* usa f(n)=g(n)+h(n) — la funzione di valutazione informata classica.
3,4,both,1,strategie_ricerca,Associa ciascuna strategia di ricerca alla sua proprietà principale.,A=completa e ottima con costi unitari|B=non completa in spazi infiniti|C=informata che usa f=g+h|D=combina vantaggi di BFS e DFS,Iterative Deepening Search,D,sisint1,In parole povere: IDS combina memoria O(b·d) di DFS con completezza/ottimalità (per costi unitari) di BFS.
4,1,both,1,gioco_tipo,Classifica ciascun gioco rispetto alle sue caratteristiche.,"A=stocastico, informazione completa|B=deterministico, informazione completa|C=deterministico, informazione incompleta|D=stocastico, informazione incompleta",Scacchi,B,sisint1,"In parole povere: Scacchi: nessuna casualità, vedi tutta la scacchiera, quindi deterministico, informazione completa."
4,2,both,1,gioco_tipo,Classifica ciascun gioco rispetto alle sue caratteristiche.,"A=stocastico, informazione completa|B=deterministico, informazione completa|C=deterministico, informazione incompleta|D=stocastico, informazione incompleta",Backgammon,A,sisint1,"In parole povere: Backgammon: lancio dadi a ogni turno, quindi stocastico. Vedi tutto, quindi informazione completa."
4,3,both,1,gioco_tipo,Classifica ciascun gioco rispetto alle sue caratteristiche.,"A=stocastico, informazione completa|B=deterministico, informazione completa|C=deterministico, informazione incompleta|D=stocastico, informazione incompleta",Othello,B,sisint1,"In parole povere: Othello: senza randomness, scacchiera visibile, quindi deterministico, informazione completa."
4,4,both,1,gioco_tipo,Classifica ciascun gioco rispetto alle sue caratteristiche.,"A=stocastico, informazione completa|B=deterministico, informazione completa|C=deterministico, informazione incompleta|D=stocastico, informazione incompleta",Poker,D,sisint1,In parole povere: Poker: mescolata casuale (stocastico) e carte avversarie nascoste (informazione incompleta).
5,1,both,1,ambiente_classific,"Per ogni ambiente, indica se ha la proprietà.",T=vero|F=falso,Gli scacchi sono completamente osservabili,T,sisint1,"In parole povere: Negli scacchi vedi sempre tutto lo stato (scacchiera), quindi completamente osservabile."
5,2,both,1,ambiente_classific,"Per ogni ambiente, indica se ha la proprietà.",T=vero|F=falso,Il poker è completamente osservabile,F,sisint1,"In parole povere: Nel poker non vedi le carte degli avversari, quindi parzialmente osservabile."
5,3,both,1,ambiente_classific,"Per ogni ambiente, indica se ha la proprietà.",T=vero|F=falso,Un classificatore di immagini opera in ambiente episodico,T,sisint1,"In parole povere: Classificatore di immagini: ogni immagine è episodio indipendente. La decisione su una non influenza le altre, quindi episodico."
5,4,both,1,ambiente_classific,"Per ogni ambiente, indica se ha la proprietà.",T=vero|F=falso,Backgammon è un ambiente deterministico,F,sisint1,"In parole povere: Backgammon ha lancio dadi, quindi stocastico, non deterministico."
6,1,both,1,csp_struttura,"Per il problema delle N regine modellato come CSP, indica vero o falso.",T=vero|F=falso,Le variabili sono le N regine (es. una per colonna),T,sisint1,In parole povere: Schema standard CSP per N-regine: ogni regina è una variabile. Posizionarne una per colonna riduce vincoli ridondanti.
6,2,both,1,csp_struttura,"Per il problema delle N regine modellato come CSP, indica vero o falso.",T=vero|F=falso,"Il dominio di ciascuna variabile è {1,...,N}",T,sisint1,In parole povere: Dominio di ogni variabile è quando riga in cui posizionare la regina è quando {1..N}.
6,3,both,1,csp_struttura,"Per il problema delle N regine modellato come CSP, indica vero o falso.",T=vero|F=falso,Esiste un vincolo binario che proibisce due regine sulla stessa riga o diagonale,T,sisint1,"In parole povere: Vincoli binari: ogni coppia di regine non deve essere su stessa riga, colonna o diagonale."
6,4,both,1,csp_struttura,"Per il problema delle N regine modellato come CSP, indica vero o falso.",T=vero|F=falso,La soluzione è una sequenza di mosse,F,sisint1,"In parole povere: Nei CSP la soluzione è l'ASSEGNAMENTO finale, non una sequenza di mosse (concetto di problem solving classico)."
7,1,both,3,ml_tipo,Associa ogni problema al tipo di apprendimento.,A=supervisionato|B=non supervisionato|C=auto-supervisionato,Classificare email come spam/non spam con esempi etichettati,A,sisint1,"In parole povere: Spam detection con esempi etichettati spam/non-spam, quindi supervisionato classico."
7,2,both,3,ml_tipo,Associa ogni problema al tipo di apprendimento.,A=supervisionato|B=non supervisionato|C=auto-supervisionato,Raggruppare clienti in segmenti senza etichette,B,integrato,"In parole povere: Segmentazione clienti senza etichette, quindi clustering è quando non supervisionato."
7,3,both,3,ml_tipo,Associa ogni problema al tipo di apprendimento.,A=supervisionato|B=non supervisionato|C=auto-supervisionato,Pre-addestrare un LLM predicendo la prossima parola di testo,C,integrato,"In parole povere: LLM pre-training: predici la prossima parola dal contesto. Le 'etichette' sono i token del testo stesso, quindi auto/self-supervised."
8,1,both,3,modello_classif,"Per la valutazione di un modello di classificazione, indica vero o falso.",T=vero|F=falso,L'accuratezza è il rapporto tra predizioni corrette e predizioni totali,T,sisint1,In parole povere: Accuratezza è quando (TP+TN)/totale è quando predizioni corrette/totale. Definizione standard.
8,2,both,3,modello_classif,"Per la valutazione di un modello di classificazione, indica vero o falso.",T=vero|F=falso,La matrice di confusione ha sulle righe le classi reali e sulle colonne le classi predette,T,sisint1,"In parole povere: Convenzione: righe è quando vero (reale), colonne è quando predetto. La diagonale principale è quando predizioni corrette."
8,3,both,3,modello_classif,"Per la valutazione di un modello di classificazione, indica vero o falso.",T=vero|F=falso,Un'accuratezza del 95%% sul training set garantisce buona generalizzazione,F,sisint1,In parole povere: Alta accuratezza SUL TRAINING può essere overfitting. Solo l'accuratezza su TEST set non visto è indicativa di generalizzazione.
8,4,both,3,modello_classif,"Per la valutazione di un modello di classificazione, indica vero o falso.",T=vero|F=falso,Il livello di confidenza si calcola direttamente dalla matrice di confusione,F,sisint1,"In parole povere: La confidence è una proprietà del classificatore (es. probabilità output di softmax), non derivabile dalla sola matrice di confusione."
8,5,both,3,modello_classif,"Per la valutazione di un modello di classificazione, indica vero o falso.",T=vero|F=falso,L'error rate è 1 - accuratezza,T,sisint1,In parole povere: Error rate è quando predizioni sbagliate/totale è quando 1 - accuratezza. Per definizione.
9,1,both,3,decision_tree,"Sull'apprendimento di alberi di decisione (algoritmo di Hunt), indica vero o falso.",T=vero|F=falso,I nodi interni rappresentano test su attributi,T,sisint1,In parole povere: Negli alberi di decisione i nodi INTERNI testano un attributo (es. 'Età > 30?'). Le foglie predicono la classe.
9,2,both,3,decision_tree,"Sull'apprendimento di alberi di decisione (algoritmo di Hunt), indica vero o falso.",T=vero|F=falso,Le foglie rappresentano classi,T,sisint1,In parole povere: Le foglie corrispondono alla classe predetta per le istanze che vi arrivano. Sono il 'leaf label'.
9,3,both,3,decision_tree,"Sull'apprendimento di alberi di decisione (algoritmo di Hunt), indica vero o falso.",T=vero|F=falso,Si preferisce sempre l'attributo con il minor information gain,F,sisint1,In parole povere: Si preferisce l'attributo con MAGGIOR information gain (riduce di più l'incertezza). Minor gain è quando peggior split. F!
9,4,both,3,decision_tree,"Sull'apprendimento di alberi di decisione (algoritmo di Hunt), indica vero o falso.",T=vero|F=falso,L'entropia di un nodo puro (tutte le istanze stessa classe) è 0,T,sisint1,"In parole povere: Entropia(t) è quando -Σ p log p. Se tutte le istanze sono in una classe, p=1, log(1)=0, quindi entropia 0. Nodo puro è quando entropia nulla."
9,5,both,3,decision_tree,"Sull'apprendimento di alberi di decisione (algoritmo di Hunt), indica vero o falso.",T=vero|F=falso,Il prepruning interrompe la crescita dell'albero quando il guadagno è sotto soglia,T,sisint1,In parole povere: Prepruning ferma la crescita quando il guadagno è sotto soglia. Tecnica classica per controllare overfitting durante la costruzione.
10,1,both,3,nn_facts,"Su reti neurali e perceptron, indica vero o falso.",T=vero|F=falso,Un perceptron lineare può rappresentare la funzione XOR,F,sisint1,In parole povere: Perceptron lineare è quando iperpiano singolo. XOR richiede frontiera non lineare (2 iperpiani). Famoso limite di Minsky-Papert.
10,2,both,3,nn_facts,"Su reti neurali e perceptron, indica vero o falso.",T=vero|F=falso,Un MLP con un livello hidden e funzioni di attivazione non lineari è un approssimatore universale,T,sisint1,In parole povere: Cybenko/Hornik 1989: MLP con 1 hidden layer e attivazioni non-lineari approssima qualunque funzione continua su un compatto.
10,3,both,3,nn_facts,"Su reti neurali e perceptron, indica vero o falso.",T=vero|F=falso,La sigmoide ha derivata sempre nulla,F,sisint1,In parole povere: σ'(x) è quando σ(x)(1-σ(x)). Mai identicamente nulla; tende a 0 agli estremi (vanishing gradient).
10,4,both,3,nn_facts,"Su reti neurali e perceptron, indica vero o falso.",T=vero|F=falso,La backpropagation aggiorna i pesi nella direzione opposta al gradiente dell'errore,T,sisint1,In parole povere: Backprop è quando -η ∇L: si va nella direzione opposta al gradiente. Stessa logica della discesa del gradiente.
10,5,both,3,nn_facts,"Su reti neurali e perceptron, indica vero o falso.",T=vero|F=falso,Un learning rate troppo alto può far divergere l'apprendimento,T,sisint1,"In parole povere: η troppo grande: passi che 'saltano' il minimo, oscillazione, divergenza. Tipico debug di NN che esplode in NaN."
11,1,9,1,expectiminimax_tree,"Per l'algoritmo expectiminimax, indica vero o falso.",T=vero|F=falso,"L'albero ha 4 tipi di nodi: MAX, MIN, terminali, casuali",T,sisint1,"In parole povere: L'albero di expectiminimax ha 4 tipi di nodi: max (MAX gioca), min (MIN gioca), terminali (esito noto), casuali (cerchi, variabile aleatoria)."
11,2,9,1,expectiminimax_tree,"Per l'algoritmo expectiminimax, indica vero o falso.",T=vero|F=falso,I nodi casuali calcolano una media pesata sulla probabilità dei figli,T,sisint1,In parole povere: Sì: V(nodo_casuale) è quando Σ_r P(r) · V(figlio_r). È valore atteso pesato.
11,3,9,1,expectiminimax_tree,"Per l'algoritmo expectiminimax, indica vero o falso.",T=vero|F=falso,Quando il gioco è deterministico expectiminimax coincide con minimax,T,sisint1,"In parole povere: Quando non ci sono nodi casuali (n=1 evento), expectiminimax è quando minimax. Caso degenere."
11,4,9,1,expectiminimax_tree,"Per l'algoritmo expectiminimax, indica vero o falso.",T=vero|F=falso,La complessità è O(b^m) come minimax,F,sisint1,"In parole povere: No: la complessità è O(b^m · n^m), peggiore di O(b^m) per la presenza di n eventi casuali per nodo."
12,1,both,2,planning_facts,"Sul situation calculus e planning, indica vero o falso.",T=vero|F=falso,Un fluente è una proprietà o relazione che può cambiare con l'esecuzione di azioni,T,sisint1,In parole povere: Fluente è quando predicato/relazione il cui valore può cambiare nel tempo (con esecuzione di azioni). Concetto chiave del situation calculus.
12,2,both,2,planning_facts,"Sul situation calculus e planning, indica vero o falso.",T=vero|F=falso,L'assioma di frame serve a esprimere ciò che NON cambia in seguito ad un'azione,T,sisint1,In parole povere: L'assioma di frame esprime persistenza: ciò che NON è effetto di un'azione mantiene il suo valore. Risolve (in parte) il frame problem.
12,3,both,2,planning_facts,"Sul situation calculus e planning, indica vero o falso.",T=vero|F=falso,PDDL è un linguaggio per esprimere problemi di planning,T,sisint1,"In parole povere: PDDL è quando Planning Domain Definition Language. Standard per definire planning problems (stati, azioni, goal)."
12,4,both,2,planning_facts,"Sul situation calculus e planning, indica vero o falso.",T=vero|F=falso,L'anomalia di Sussman mostra che i sottogoal sono sempre indipendenti,F,sisint1,"In parole povere: L'anomalia di Sussman MOSTRA il CONTRARIO: i sottogoal possono essere INTERDIPENDENTI, perseguirli linearmente può disfarne altri."
13,1,9,2,ontologia_partition,"Considerando una categoria C e un insieme S di sue sottocategorie, indica vero o falso.",T=vero|F=falso,Se le categorie in S sono disgiunte allora Disjoint(S) vale,T,sisint1,In parole povere: Disjoint(S) è quando le categorie in S non hanno istanze comuni. È esattamente l'enunciato.
13,2,9,2,ontologia_partition,"Considerando una categoria C e un insieme S di sue sottocategorie, indica vero o falso.",T=vero|F=falso,"Una partition(S,C) è una decomposizione esaustiva con sottocategorie disgiunte",T,sisint1,Creare una 'Partizione' significa dividere un gruppo in categorie che non si accavallano mai (un elemento sta in una e una sola categoria) e che coprono tutti (nessuno resta fuori).
13,3,9,2,ontologia_partition,"Considerando una categoria C e un insieme S di sue sottocategorie, indica vero o falso.",T=vero|F=falso,"ExhaustiveDec(S,C) richiede che le categorie di S coprano tutte le istanze di C",T,sisint1,"In parole povere: ExhaustiveDec(S,C) richiede che le categorie di S coprano tutte le istanze di C (no istanze di C fuori da S)."
13,4,9,2,ontologia_partition,"Considerando una categoria C e un insieme S di sue sottocategorie, indica vero o falso.",T=vero|F=falso,"Disjoint(S) implica ExhaustiveDec(S,C)",F,sisint1,"In parole povere: Disjoint NON implica Exhaustive: posso avere categorie disgiunte ma che non coprono tutto C (es. {Cane, Gatto} è disgiunto ma non copre tutti gli animali)."
14,1,both,2,is_a_member,Distingui tra IS-A e MEMBER nei seguenti esempi.,A=Is-a (sottoclasse)|B=Member (istanza),Pongo è un Dalmata: Pongo - Dalmata,B,ontologie,"In parole povere: Pongo è un individuo specifico, Dalmata è la categoria, quindi Pongo è ISTANZA di Dalmata, quindi Member."
14,2,both,2,is_a_member,Distingui tra IS-A e MEMBER nei seguenti esempi.,A=Is-a (sottoclasse)|B=Member (istanza),Dalmata è un tipo di Cane: Dalmata - Cane,A,ontologie,"In parole povere: Dalmata e Cane sono entrambe CATEGORIE; Dalmata sottoclasse di Cane, quindi Is-a."
14,3,both,2,is_a_member,Distingui tra IS-A e MEMBER nei seguenti esempi.,A=Is-a (sottoclasse)|B=Member (istanza),Tom è un Bassotto: Tom - Bassotto,B,ontologie,"In parole povere: Tom è quando istanza, Bassotto è quando categoria, quindi Member."
14,4,both,2,is_a_member,Distingui tra IS-A e MEMBER nei seguenti esempi.,A=Is-a (sottoclasse)|B=Member (istanza),Bassotto è un tipo di Cane: Bassotto - Cane,A,ontologie,"In parole povere: Bassotto e Cane è quando categorie; Bassotto sottoclasse di Cane, quindi Is-a."
15,1,both,1,heur_property,"Per le seguenti euristiche sull'8-puzzle, indica la proprietà corretta.",A=ammissibile e domina|B=ammissibile non dominante|C=non ammissibile,Distanza di Manhattan,A,aima_ch3,"In parole povere: Manhattan domina 'tessere fuori posto': è sempre ≥ (perché conta passi reali, non solo presenza fuori posto). Ammissibile."
15,2,both,1,heur_property,"Per le seguenti euristiche sull'8-puzzle, indica la proprietà corretta.",A=ammissibile e domina|B=ammissibile non dominante|C=non ammissibile,Numero di tessere fuori posto,B,aima_ch3,In parole povere: Tessere fuori posto è ammissibile (sottostima sempre) ma NON DOMINA Manhattan (è meno informativa). Ammissibile non dominante.
15,3,both,1,heur_property,"Per le seguenti euristiche sull'8-puzzle, indica la proprietà corretta.",A=ammissibile e domina|B=ammissibile non dominante|C=non ammissibile,Costo medio osservato moltiplicato per 10,C,aima_ch3,"In parole povere: Costo medio × 10: nessuna garanzia di sottostima, può sovrastimare, quindi NON ammissibile."
16,1,both,2,fol_quant_use,"Riconosci se ogni formula è valida (V), soddisfacibile non valida (S) o insoddisfacibile (I).",V=valida|S=soddisfacibile non valida|I=insoddisfacibile,forall x (P(x) or not P(x)),V,sisint1,"In parole povere: ∀x (P(x)∨¬P(x)) è il terzo escluso quantificato, quindi vera in ogni modello, quindi VALIDA."
16,2,both,2,fol_quant_use,"Riconosci se ogni formula è valida (V), soddisfacibile non valida (S) o insoddisfacibile (I).",V=valida|S=soddisfacibile non valida|I=insoddisfacibile,exists x (P(x) and not P(x)),I,sisint1,"In parole povere: ∃x (P(x)∧¬P(x)) afferma esista qualcosa che sia P e non-P, quindi contraddizione, quindi INSODDISFACIBILE."
16,3,both,2,fol_quant_use,"Riconosci se ogni formula è valida (V), soddisfacibile non valida (S) o insoddisfacibile (I).",V=valida|S=soddisfacibile non valida|I=insoddisfacibile,"forall x exists y Ama(x,y)",S,sisint1,"In parole povere: ∀x ∃y Ama(x,y) può essere vera in alcuni mondi (chi ama qualcuno) e falsa in altri (mondo senza amore), quindi soddisfacibile non valida."
17,1,both,1,csp_techniques,Associa ciascuna tecnica CSP alla sua descrizione.,A=elimina valori incompatibili dai domini guardando un solo vincolo|B=verifica consistenza a coppie tra archi (AC-3)|C=torna al nodo più recente responsabile del fallimento|D=assegna una variabile alla volta e torna al primo conflitto,Backtracking standard,D,sisint1,"In parole povere: Backtracking standard: assegna una variabile alla volta, torna indietro al primo conflitto."
17,2,both,1,csp_techniques,Associa ciascuna tecnica CSP alla sua descrizione.,A=elimina valori incompatibili dai domini guardando un solo vincolo|B=verifica consistenza a coppie tra archi (AC-3)|C=torna al nodo più recente responsabile del fallimento|D=assegna una variabile alla volta e torna al primo conflitto,Forward checking,A,sisint1,"In parole povere: Forward checking: dopo un assegnamento, controlla un vincolo alla volta ed elimina valori incompatibili dai domini futuri (consistenza locale rispetto al vincolo)."
17,3,both,1,csp_techniques,Associa ciascuna tecnica CSP alla sua descrizione.,A=elimina valori incompatibili dai domini guardando un solo vincolo|B=verifica consistenza a coppie tra archi (AC-3)|C=torna al nodo più recente responsabile del fallimento|D=assegna una variabile alla volta e torna al primo conflitto,Arc consistency (AC-3),B,sisint1,"In parole povere: AC-3: verifica consistenza tra coppie di variabili (archi). Più potente di forward checking, propaga le restrizioni a coppie."
17,4,both,1,csp_techniques,Associa ciascuna tecnica CSP alla sua descrizione.,A=elimina valori incompatibili dai domini guardando un solo vincolo|B=verifica consistenza a coppie tra archi (AC-3)|C=torna al nodo più recente responsabile del fallimento|D=assegna una variabile alla volta e torna al primo conflitto,Backjumping,C,sisint1,"In parole povere: Backjumping: dal fallimento risale al nodo più recente CAUSA del conflitto (conflict-directed), saltando intermedi irrilevanti."
18,1,both,2,horn_cnf,Per ciascuna clausola indica se è di Horn (H) o no (N).,H=di Horn|N=non di Horn,not A or not B or C,H,sisint1,"In parole povere: ¬A∨¬B∨C: un solo letterale positivo (C), quindi HORN. Equivalente alla regola A∧B→C."
18,2,both,2,horn_cnf,Per ciascuna clausola indica se è di Horn (H) o no (N).,H=di Horn|N=non di Horn,A or B or not C,N,sisint1,"In parole povere: A∨B∨¬C: due letterali positivi (A,B), quindi NON Horn."
18,3,both,2,horn_cnf,Per ciascuna clausola indica se è di Horn (H) o no (N).,H=di Horn|N=non di Horn,not A,H,sisint1,"In parole povere: ¬A: zero letterali positivi, quindi HORN (caso 'no head', vincolo di non)."
18,4,both,2,horn_cnf,Per ciascuna clausola indica se è di Horn (H) o no (N).,H=di Horn|N=non di Horn,P (un solo letterale positivo),H,sisint1,"In parole povere: P (singolo positivo): UN letterale positivo, zero negativi, quindi HORN (fact)."
18,5,both,2,horn_cnf,Per ciascuna clausola indica se è di Horn (H) o no (N).,H=di Horn|N=non di Horn,A or B,N,sisint1,"In parole povere: A∨B: due letterali positivi, quindi NON Horn."
20,1,9,2,bayes_facts,"Su probabilità e reti bayesiane, indica vero o falso.",T=vero|F=falso,La distribuzione congiunta di n variabili booleane ha 2^n - 1 parametri indipendenti,T,sisint1,"In parole povere: n variabili booleane, quindi 2^n combinazioni, quindi 2^n - 1 parametri indipendenti (l'ultimo determinato dalla normalizzazione Σp è quando 1)."
20,2,9,2,bayes_facts,"Su probabilità e reti bayesiane, indica vero o falso.",T=vero|F=falso,"Due variabili indipendenti soddisfano P(X,Y)=P(X)P(Y)",T,sisint1,"In parole povere: Definizione di indipendenza: P(X,Y) è quando P(X)P(Y). Equivalentemente P(X|Y)=P(X)."
20,3,9,2,bayes_facts,"Su probabilità e reti bayesiane, indica vero o falso.",T=vero|F=falso,Una rete bayesiana sfrutta l'indipendenza condizionata per ridurre i parametri,T,sisint1,In parole povere: L'efficienza delle reti bayesiane viene proprio dallo sfruttare indipendenze condizionate: poche probabilità locali invece di una tabella esponenziale.
20,4,9,2,bayes_facts,"Su probabilità e reti bayesiane, indica vero o falso.",T=vero|F=falso,Il teorema di Bayes inverte la direzione di una conditional: P(H|E)=P(E|H)P(H)/P(E),T,sisint1,In parole povere: P(H|E) è quando P(E|H)P(H)/P(E). Inverte la direzione condizionale. È il teorema di Bayes.
21,1,both,1,minimax_facts,"Su minimax e alfa-beta, indica vero o falso.",T=vero|F=falso,Minimax assume che entrambi i giocatori giochino in modo ottimo,T,sisint1,"In parole povere: Minimax assume entrambi i giocatori ottimi: MAX max, MIN min. Worst-case ragionamento."
21,2,both,1,minimax_facts,"Su minimax e alfa-beta, indica vero o falso.",T=vero|F=falso,La potatura alfa-beta cambia il risultato finale di minimax,F,sisint1,"In parole povere: α-β è una potatura SAFE: stesso risultato di minimax, solo più veloce. Non cambia mai il valore calcolato."
21,3,both,1,minimax_facts,"Su minimax e alfa-beta, indica vero o falso.",T=vero|F=falso,"Con ordinamento ottimo, alfa-beta ha complessità O(b^(m/2))",T,sisint1,"In parole povere: Con ordine perfetto delle mosse (best first), α-β ha complessità O(b^(m/2)) — radice del numero di nodi, quindi doppia profondità a parità di tempo."
21,4,both,1,minimax_facts,"Su minimax e alfa-beta, indica vero o falso.",T=vero|F=falso,Alfa-beta funziona anche su giochi a 3 giocatori senza modifiche,F,sisint1,"In parole povere: α-β è formulato per giochi a 2 giocatori a somma zero. Per più giocatori serve max^n, NON è applicabile direttamente."
22,1,9,3,gen_ai_match,Associa ogni architettura generativa al meccanismo principale.,A=self-attention multi-head|B=competizione generatore vs discriminatore|C=processo di denoising progressivo|D=reti convolutive su immagini,Transformer / LLM,A,integrato,In parole povere: Transformer/LLM: meccanismo principale è SELF-ATTENTION (multi-head). Calcola pesi di rilevanza tra tutti i token della sequenza.
22,2,9,3,gen_ai_match,Associa ogni architettura generativa al meccanismo principale.,A=self-attention multi-head|B=competizione generatore vs discriminatore|C=processo di denoising progressivo|D=reti convolutive su immagini,GAN,B,integrato,"In parole povere: GAN: generatore vs discriminatore in gioco MINIMAX (zero-sum). G inganna, D distingue."
22,3,9,3,gen_ai_match,Associa ogni architettura generativa al meccanismo principale.,A=self-attention multi-head|B=competizione generatore vs discriminatore|C=processo di denoising progressivo|D=reti convolutive su immagini,Modello di diffusione,C,integrato,In parole povere: Diffusion: processo iterativo di DENOISING. Si apprende a invertire l'aggiunta progressiva di rumore.
22,4,9,3,gen_ai_match,Associa ogni architettura generativa al meccanismo principale.,A=self-attention multi-head|B=competizione generatore vs discriminatore|C=processo di denoising progressivo|D=reti convolutive su immagini,CNN classica,D,integrato,"In parole povere: CNN: convoluzioni 2D con filtri condivisi, pensate per immagini sfruttando località e invarianza traslazionale."
23,1,both,2,refutation_steps,"Per dimostrare KB |= Curiosity uccide Tuna per risoluzione, indica vero o falso.",T=vero|F=falso,Si converte tutta la KB in CNF,T,risol_FOL,In parole povere: La risoluzione opera su clausole; si trasforma tutta la KB in CNF (clausole) prima di iniziare.
23,2,both,2,refutation_steps,"Per dimostrare KB |= Curiosity uccide Tuna per risoluzione, indica vero o falso.",T=vero|F=falso,Si aggiunge il goal NEGATO alla KB,T,risol_FOL,In parole povere: Refutazione è quando dimostra per ASSURDO: aggiungi ¬goal alla KB e cerchi la contraddizione.
23,3,both,2,refutation_steps,"Per dimostrare KB |= Curiosity uccide Tuna per risoluzione, indica vero o falso.",T=vero|F=falso,Si cerca di derivare la clausola vuota tramite risoluzione,T,risol_FOL,In parole povere: Successo è quando derivare la clausola vuota □ (contraddizione). Conclude che la KB originale implica il goal.
23,4,both,2,refutation_steps,"Per dimostrare KB |= Curiosity uccide Tuna per risoluzione, indica vero o falso.",T=vero|F=falso,"Se si deriva la clausola vuota, la KB originale era già contraddittoria",F,risol_FOL,"In parole povere: FALSO: derivare □ non significa che la KB originale era contraddittoria, ma che KB ∪ {¬goal} lo è. La KB originale può essere coerente; il successo della refutazione prova KB ⊨ goal."
24,1,both,2,agenti_tipo,Associa ogni agente al tipo principale.,A=reattivo semplice|B=basato su modello|C=goal-driven|D=utility-driven,Termostato che accende riscaldamento se T<20,A,sisint1,"In parole povere: Termostato: percepisce T<20, quindi accende. Regola IF-THEN. Reattivo semplice."
24,2,both,2,agenti_tipo,Associa ogni agente al tipo principale.,A=reattivo semplice|B=basato su modello|C=goal-driven|D=utility-driven,Auto autonoma che mantiene mappa interna dello stato del mondo,B,sisint1,"In parole povere: Auto autonoma mantiene mappa interna (SLAM), quindi STATO interno, quindi basato su modello."
24,3,both,2,agenti_tipo,Associa ogni agente al tipo principale.,A=reattivo semplice|B=basato su modello|C=goal-driven|D=utility-driven,Pianificatore che esegue azioni per raggiungere un obiettivo,C,sisint1,"In parole povere: Pianificatore: ha goal esplicito, costruisce sequenza per raggiungerlo, quindi goal-driven."
24,4,both,2,agenti_tipo,Associa ogni agente al tipo principale.,A=reattivo semplice|B=basato su modello|C=goal-driven|D=utility-driven,Agente che massimizza il profitto atteso,D,sisint1,"In parole povere: Massimizza profitto è quando funzione di utilità, quindi utility-driven (più sofisticato di puramente goal-driven)."
25,1,both,3,overfitting_facts,"Su overfitting e generalizzazione, indica vero o falso.",T=vero|F=falso,L'overfitting si manifesta con basso errore di training e alto errore di test,T,sisint1,In parole povere: Pattern classico di overfitting: il modello memorizza il training ma non generalizza al test.
25,2,both,3,overfitting_facts,"Su overfitting e generalizzazione, indica vero o falso.",T=vero|F=falso,Il prepruning previene overfitting interrompendo l'espansione dell'albero,T,sisint1,"In parole povere: Prepruning ferma la crescita dell'albero quando guadagno < soglia, quindi impedisce di adattarsi troppo ai dati di training."
25,3,both,3,overfitting_facts,"Su overfitting e generalizzazione, indica vero o falso.",T=vero|F=falso,Modelli con più parametri sono sempre da preferire,F,sisint1,In parole povere: FALSO: più parametri non implica migliore. Spesso porta a overfitting. Rasoio di Occam: preferisci modelli semplici.
25,4,both,3,overfitting_facts,"Su overfitting e generalizzazione, indica vero o falso.",T=vero|F=falso,Il rasoio di Occam suggerisce di preferire modelli semplici a parità di accuratezza,T,sisint1,"In parole povere: Occam: a parità di prestazioni, modello più semplice è da preferire (interpretabilità, robustezza, generalizzazione)."
26,1,both,2,resolution_letterali,"Per ciascuna coppia di clausole, indica se la risoluzione è applicabile (T) o no (F).",T=vero|F=falso,"{P, Q} e {not P, R}",T,sisint1,"In parole povere: {P,Q} e {¬P,R}: P e ¬P unificano direttamente. Risolvente: {Q,R}. T."
26,2,both,2,resolution_letterali,"Per ciascuna coppia di clausole, indica se la risoluzione è applicabile (T) o no (F).",T=vero|F=falso,"{P} e {Q, R}",F,sisint1,"In parole povere: {P} e {Q,R}: nessun letterale opposto. Risoluzione NON applicabile. F."
26,3,both,2,resolution_letterali,"Per ciascuna coppia di clausole, indica se la risoluzione è applicabile (T) o no (F).",T=vero|F=falso,{P(a)} e {not P(x)},T,risol_FOL,In parole povere: P(a) e ¬P(x) unificano con θ={x/a}. Risolvente: clausola vuota. Risoluzione FOL con lifting. T.
26,4,both,2,resolution_letterali,"Per ciascuna coppia di clausole, indica se la risoluzione è applicabile (T) o no (F).",T=vero|F=falso,"{P(a)} e {not P(b)} (con a,b costanti distinte)",F,risol_FOL,"In parole povere: P(a) e ¬P(b): a, b costanti distinte, NON unificabili. Risoluzione non applicabile. F."
27,1,9,2,ont_descr,Associa ciascun costrutto ontologico alla sua descrizione.,A=organizzazione gerarchica con relazioni IS-A|B=oggetto composto da parti senza specificarne le relazioni|C=insieme di concetti e relazioni di un dominio (rete semantica)|D=relazione transitiva 'parte di' fra oggetti,Tassonomia,A,sisint1,Una tassonomia e' l'organizzazione gerarchica di categorie collegate da relazioni is-a.
27,2,9,2,ont_descr,Associa ciascun costrutto ontologico alla sua descrizione.,A=organizzazione gerarchica con relazioni IS-A|B=oggetto composto da parti senza specificarne le relazioni|C=insieme di concetti e relazioni di un dominio (rete semantica)|D=relazione transitiva 'parte di' fra oggetti,Bunch-of,B,sisint1,Bunch-of indica un oggetto composto da parti senza specificare le relazioni fra di esse.
27,3,9,2,ont_descr,Associa ciascun costrutto ontologico alla sua descrizione.,A=organizzazione gerarchica con relazioni IS-A|B=oggetto composto da parti senza specificarne le relazioni|C=insieme di concetti e relazioni di un dominio (rete semantica)|D=relazione transitiva 'parte di' fra oggetti,Ontologia,C,sisint1,"Un'ontologia (rete semantica) e' l'insieme dei concetti di un dominio e delle loro relazioni, piu' generale di una tassonomia."
27,4,9,2,ont_descr,Associa ciascun costrutto ontologico alla sua descrizione.,A=organizzazione gerarchica con relazioni IS-A|B=oggetto composto da parti senza specificarne le relazioni|C=insieme di concetti e relazioni di un dominio (rete semantica)|D=relazione transitiva 'parte di' fra oggetti,Part-of,D,sisint1,"Part-of indica che un oggetto e' parte di un altro ed e' transitiva: Part-of(X,Y) and Part-of(Y,Z) => Part-of(X,Z)."
28,1,both,1,blind_search_match,Associa ogni strategia BLIND alla struttura dati per la frontiera.,A=coda FIFO|B=pila LIFO|C=coda con priorità (costo)|D=coda FIFO + limite di profondità incrementale,Breadth-First,A,sisint1,"In parole povere: BFS: coda FIFO, quindi first in, first out. I primi nodi inseriti (più superficiali) vengono espansi prima."
28,2,both,1,blind_search_match,Associa ogni strategia BLIND alla struttura dati per la frontiera.,A=coda FIFO|B=pila LIFO|C=coda con priorità (costo)|D=coda FIFO + limite di profondità incrementale,Depth-First,B,sisint1,"In parole povere: DFS: pila LIFO, quindi last in, first out. Gli ultimi inseriti (più profondi) vengono espansi per primi."
28,3,both,1,blind_search_match,Associa ogni strategia BLIND alla struttura dati per la frontiera.,A=coda FIFO|B=pila LIFO|C=coda con priorità (costo)|D=coda FIFO + limite di profondità incrementale,Uniform-Cost,C,sisint1,In parole povere: Uniform-cost: coda con priorità su costo g(n). Si espande sempre il più 'economico'.
28,4,both,1,blind_search_match,Associa ogni strategia BLIND alla struttura dati per la frontiera.,A=coda FIFO|B=pila LIFO|C=coda con priorità (costo)|D=coda FIFO + limite di profondità incrementale,Iterative Deepening,D,sisint1,"In parole povere: IDS: lancia DLS con limite di profondità incrementale 0,1,2,... Combina memoria DFS con completezza BFS."
29,1,both,3,attivazione_match,Associa ogni funzione di attivazione alla sua proprietà chiave.,"A=non differenziabile in 0|B=output in (0,1) derivabile|C=output in (-1,1) derivabile|D=output in [0,inf) lineare a tratti",Sigmoide,B,sisint1,"In parole povere: Sigmoide σ(x) è quando 1/(1+e^(-x)): output in (0,1), derivabile ovunque. Storica per output binari."
29,2,both,3,attivazione_match,Associa ogni funzione di attivazione alla sua proprietà chiave.,"A=non differenziabile in 0|B=output in (0,1) derivabile|C=output in (-1,1) derivabile|D=output in [0,inf) lineare a tratti",Tanh,C,integrato,"In parole povere: Tanh: tanh(x) ∈ (-1,1), derivabile. Simmetrica intorno a 0, gradiente migliore di sigmoide negli strati profondi."
29,3,both,3,attivazione_match,Associa ogni funzione di attivazione alla sua proprietà chiave.,"A=non differenziabile in 0|B=output in (0,1) derivabile|C=output in (-1,1) derivabile|D=output in [0,inf) lineare a tratti",ReLU,D,integrato,"In parole povere: ReLU: max(0,x). Lineare a tratti, in [0,+∞). Computazionalmente economica, evita vanishing gradient per x>0. Non differenziabile in 0 (ma trattata operativamente)."
29,4,both,3,attivazione_match,Associa ogni funzione di attivazione alla sua proprietà chiave.,"A=non differenziabile in 0|B=output in (0,1) derivabile|C=output in (-1,1) derivabile|D=output in [0,inf) lineare a tratti",Funzione gradino originale del perceptron,A,sisint1,In parole povere: Gradino classico del perceptron originale: H(x) è quando 1 se x>0 else 0. NON differenziabile in 0 (salto). Per questo non usabile con backprop.
30,1,both,2,prop_assertions,"Per ciascuna formula proposizionale, indica vero o falso.",T=vero|F=falso,A or not A è una tautologia,T,sisint1,In parole povere: A∨¬A: terzo escluso. Sempre vero. T.
30,2,both,2,prop_assertions,"Per ciascuna formula proposizionale, indica vero o falso.",T=vero|F=falso,A and not A è soddisfacibile,F,sisint1,"In parole povere: A∧¬A: contraddizione. Mai vera. NON soddisfacibile, quindi F."
30,3,both,2,prop_assertions,"Per ciascuna formula proposizionale, indica vero o falso.",T=vero|F=falso,(A => B) è equivalente a (not A or B),T,sisint1,In parole povere: A→B equivale a ¬A∨B per definizione di relazione logica di causa-effetto. T.
30,4,both,2,prop_assertions,"Per ciascuna formula proposizionale, indica vero o falso.",T=vero|F=falso,Se KB |= alpha allora KB and not alpha è soddisfacibile,F,sisint1,"Se una teoria implica matematicamente una verità, provare a mettere insieme la teoria con il CONTRARIO di quella verità crea un cortocircuito logico (un'impossibilità)."
31,1,9,3,transformer_match,"Nel transformer, associa ogni componente al blocco in cui compare.",E=solo encoder|D=solo decoder|EN=entrambi,Self-attention mascherata (blocca le posizioni future),D,sisint1,"Solo il decoder usa la self-attention mascherata, per non guardare i token futuri."
31,2,9,3,transformer_match,"Nel transformer, associa ogni componente al blocco in cui compare.",E=solo encoder|D=solo decoder|EN=entrambi,Attention sull'output dell'encoder,D,sisint1,E' il sottostrato che collega decoder ed encoder: presente solo nel decoder.
31,3,9,3,transformer_match,"Nel transformer, associa ogni componente al blocco in cui compare.",E=solo encoder|D=solo decoder|EN=entrambi,Feed-Forward Network (FFN),EN,sisint1,Sia l'encoder sia il decoder hanno una FFN come ultimo sottostrato.
31,4,9,3,transformer_match,"Nel transformer, associa ogni componente al blocco in cui compare.",E=solo encoder|D=solo decoder|EN=entrambi,Residual connection e normalizzazione attorno ai sottostrati,EN,sisint1,Residual + normalizzazione avvolgono ogni sottostrato in entrambi i blocchi.
31,5,9,3,transformer_match,"Nel transformer, associa ogni componente al blocco in cui compare.",E=solo encoder|D=solo decoder|EN=entrambi,Multi-head self-attention non mascherata,E,sisint1,L'encoder usa self-attention multi-head senza mascheramento (vede tutta la sequenza in input).
32,1,9,2,allineamento_match,Associa ogni relazione fra ontologie alla sua definizione.,A=Equivalenti|B=Estensioni|C=Strongly-Translatable|D=Weakly-Translatable,Condividono vocabolario e assiomatizzazione ma sono espresse in linguaggi differenti,A,sisint1,"Ontologie equivalenti: stesso contenuto, linguaggio diverso."
32,2,9,2,allineamento_match,Associa ogni relazione fra ontologie alla sua definizione.,A=Equivalenti|B=Estensioni|C=Strongly-Translatable|D=Weakly-Translatable,"O6 preserva tutti i simboli di O7 con proprieta' e relazioni, ma non vale il viceversa",B,sisint1,O6 estende O7: contiene tutto cio' che c'e' in O7 e qualcosa in piu'.
32,3,9,2,allineamento_match,Associa ogni relazione fra ontologie alla sua definizione.,A=Equivalenti|B=Estensioni|C=Strongly-Translatable|D=Weakly-Translatable,"Vocabolario totalmente mappabile, assiomatizzazione valida, senza perdita ne' inconsistenze",C,sisint1,"Strongly-translatable: traduzione perfetta, niente perdite ne' inconsistenze."
32,4,9,2,allineamento_match,Associa ogni relazione fra ontologie alla sua definizione.,A=Equivalenti|B=Estensioni|C=Strongly-Translatable|D=Weakly-Translatable,Traduzione possibile ma con perdita di informazione,D,sisint1,"Weakly-translatable: si traduce, ma qualcosa va perso."
33,1,9,3,bias_match,Associa ogni bias di un LLM alla fase in cui si origina.,A=Raccolta dati|B=Annotazione|C=Addestramento|D=Uso,Copertura: i dati riguardano una frazione troppo piccola della popolazione,A,sisint1,Bias di copertura: errore nella fase di raccolta dei dati.
33,2,9,3,bias_match,Associa ogni bias di un LLM alla fase in cui si origina.,A=Raccolta dati|B=Annotazione|C=Addestramento|D=Uso,Conferma: l'annotatore processa i dati per confermare ipotesi precedenti,B,sisint1,Bias di conferma in annotazione: l'etichettatore vede cio' che si aspetta.
33,3,9,3,bias_match,Associa ogni bias di un LLM alla fase in cui si origina.,A=Raccolta dati|B=Annotazione|C=Addestramento|D=Uso,Omogeneita' del gruppo esterno: stereotipare chi appartiene a un gruppo esterno,C,sisint1,Errore in addestramento: si stereotipano gli individui di un gruppo a cui non si appartiene.
33,4,9,3,bias_match,Associa ogni bias di un LLM alla fase in cui si origina.,A=Raccolta dati|B=Annotazione|C=Addestramento|D=Uso,Automazione: preferire i risultati generati automaticamente,D,sisint1,Bias d'uso: si tende a fidarsi piu' dell'output automatico che di quello umano.
