id,cfu,parte,topic,question,opt_a,opt_b,opt_c,correct,source,explanation
1,both,1,soluzione,Cos'è una SOLUZIONE nella risoluzione automatica di problemi?,"un percorso, nell'albero o grafo di ricerca, che conduce dal nodo iniziale a un nodo target",un qualsiasi stato dell'albero o grafo di ricerca che rende vero il test obiettivo,un assegnamento di valori alle variabili che definiscono il problema di ricerca,a,sisint1,"Pensa alla soluzione non solo come alla destinazione finale, ma come all'intero viaggio! Nei problemi di ricerca, conta il percorso (le mosse) che fai per arrivare all'obiettivo, non solo l'averlo raggiunto."
2,both,1,ricerca_blind,Un ALGORITMO DI RICERCA è detto BLIND quando:,ha un orizzonte di ricerca limitato,utilizza solo la descrizione del problema per trovare una soluzione,utilizza una funzione euristica che non è ammissibile,b,sisint1,La ricerca 'cieca' si chiama così perché il sistema brancola nel buio: conosce solo le regole base del gioco e non ha nessun 'suggerimento' (euristica) su quale mossa sia migliore delle altre.
3,both,1,euristica,Un'EURISTICA è detta DOMINANTE quando:,restituisce sempre stime per difetto del costo per raggiungere un nodo preferito da quello considerato,rispetta la disuguaglianza triangolare,per qualsiasi stato assume valori maggiori a quelli restituiti da un'altra euristica,c,sisint1,"Un'euristica (una stima) 'domina' un'altra semplicemente se le sue stime sono sempre più alte e vicine al costo reale (senza mai superarlo). Più è alta, meno strade inutili esploreremo!"
4,both,3,matrice_confusione,Soltanto una delle seguenti misure può essere calcolata tramite una MATRICE DI CONFUSIONE; quale?,accuratezza,livello di confidenza,entropia,a,sisint1,"La matrice di confusione è una tabella che riassume gli errori e i successi di un modello. Da lì possiamo calcolare tutti i voti: quanto è accurato, quanti falsi allarmi ha dato, ecc."
5,both,3,supervisionato,Un ALGORITMO DI APPRENDIMENTO è SUPERVISIONATO quando:,il learning set contiene tutte istanze che hanno associata la classe di appartenenza,durante l'apprendimento è monitorato da un supervisore umano,l'apprendimento è guidato dalla misura dell'entropia,a,sisint1,"L'apprendimento è 'supervisionato' quando diamo al computer i dati completi di soluzione. È come dare a uno studente gli esercizi già svolti con la risposta corretta, per insegnargli la regola."
6,both,1,intelligenza,Cosa indica il termine 'artificiale' nell'espressione Intelligenza Artificiale?,che non è naturale,che è limitata rispetto a quella umana,che si applica solo a robot antropomorfi,a,sisint1,L'IA si dice 'artificiale' semplicemente perché è costruita dall'uomo e non biologica. Può essere anche solo un software che gira su un computer normale.
7,both,1,turing_test,Il Test di Turing serve a stabilire:,se un programma sa risolvere problemi matematici,quando un computer può dirsi intelligente,la velocità di calcolo di una macchina,b,sisint1,"Il Test di Turing in parole povere: se parli con qualcuno in chat e non riesci a capire se è un umano o un computer, allora quel computer ha superato il test ed è considerato intelligente."
8,both,1,strong_weak_ai,La WEAK AI si pone l'obiettivo di:,riprodurre fedelmente l'intelligenza umana,trovare modi per risolvere problemi che richiederebbero intelligenza se risolti dagli umani,dimostrare che le macchine pensano come gli umani,b,sisint1,"L'IA 'debole' non significa che sia stupida, ma solo che finge di essere intelligente risolvendo compiti specifici, senza avere una vera coscienza o provare emozioni reali."
9,both,1,strong_weak_ai,La STRONG AI si chiede se:,è possibile riprodurre l'intelligenza umana,è possibile costruire algoritmi efficienti,è possibile usare la logica per ragionare,a,sisint1,"L'IA 'forte' è quella dei film di fantascienza: una macchina che ha una vera e propria coscienza, capisce davvero quello che fa e ha sentimenti."
10,both,1,stanza_cinese,L'esperimento della STANZA CINESE di Searle argomenta che:,produrre l'output atteso non implica comprensione,la comprensione richiede solo un programma corretto,le macchine possono comprendere il cinese,a,sisint1,"L'esperimento della Stanza Cinese dimostra questo: se seguo un manuale di istruzioni per combinare simboli cinesi e dare risposte corrette, non significa che io abbia imparato il cinese. Stessa cosa per i computer!"
11,both,1,captcha,Un CAPTCHA è un esempio di:,Test di Turing classico,Test di Turing inverso,algoritmo di apprendimento,b,sisint1,Il CAPTCHA è il Test di Turing al contrario: è il computer che fa un test a te (es. farti cliccare sui semafori) per capire se sei un umano o un robot.
12,both,1,ambiente,Un ambiente è DETERMINISTICO quando:,lo stato successivo è determinato dallo stato corrente e dall'azione applicata,le percezioni dell'agente sono sempre corrette,non ci sono altri agenti nell'ambiente,a,sisint1,"Deterministico significa 'senza sorprese'. Se in una situazione premo il bottone A, succederà sempre e infallibilmente la cosa X. Nessun fattore casuale."
13,both,1,ambiente,Un ambiente è STOCASTICO quando:,non ci sono percezioni rumorose,applicando più volte la stessa azione in uno stesso stato si possono raggiungere stati diversi,è completamente osservabile,b,sisint1,"Stocastico significa 'con un pizzico di fortuna'. Pensa a un gioco di dadi o a un robot che scivola: fai la stessa mossa, ma il risultato può variare a causa del caso."
14,both,1,ambiente,Un ambiente è EPISODICO quando:,le azioni sono discrete,l'esperienza dell'agente è divisa in episodi atomici,non cambia mentre l'agente pensa,b,sisint1,"In un ambiente episodico, la vita è una serie di test indipendenti. Quello che fai adesso non avrà nessuna conseguenza sulle sfide successive (al contrario degli scacchi, dove ogni mossa pesa sul futuro)."
15,both,1,ambiente,Un ambiente è STATICO quando:,non cambia mentre l'agente 'pensa',cambia continuamente in modo casuale,ha sempre lo stesso stato iniziale,a,sisint1,"Ambiente statico significa che il mondo mette in pausa mentre pensi (come a scacchi). In un ambiente dinamico, invece, il mondo va avanti (come guidare un'auto nel traffico)."
16,both,1,ambiente,Un ambiente è PARZIALMENTE OSSERVABILE quando:,i sensori percepiscono tutti gli aspetti rilevanti,i sensori danno accesso solo a parte dell'informazione rilevante,non ci sono attuatori,b,sisint1,Parzialmente osservabile significa giocare a poker o muoversi nella nebbia: non hai tutte le informazioni sul tavolo a tua disposizione e devi tirare a indovinare.
17,both,1,paradigmi,Un approccio DICHIARATIVO alla programmazione:,descrive il COME risolvere il problema,separa una descrizione del COSA da un programma generale,è specifico di un singolo compito,b,sisint1,"In parole povere: Dichiarativo è quando descrivi COSA è il problema (specifica logica, vincoli). Imperativo/procedurale è quando descrivi COME risolverlo. Il dichiarativo permette di riusare lo stesso motore su problemi diversi cambiando solo la KB."
18,both,1,agente,Un AGENTE è:,un'astrazione che rappresenta un sistema che percepisce l'ambiente tramite sensori e agisce tramite attuatori,una funzione che restituisce sempre la stessa azione,un algoritmo deterministico che non interagisce con l'esterno,a,sisint1,In parole povere: Definizione standard di Russell & Norvig. Agente è quando entità che PERCEPISCE tramite sensori e AGISCE tramite attuatori sull'ambiente. Astrazione cruciale: separa logica/conoscenza dall'implementazione fisica.
19,both,1,autonomia,Un agente AUTONOMO si caratterizza perché:,esegue passi specificati uno a uno,riceve compiti ad alto livello e ragiona su come risolverli,non può imparare,b,sisint1,In parole povere: Autonomo è quando riceve obiettivi ad alto livello e decide autonomamente i passi. Si distingue dall'automazione (riceve istruzioni passo-passo). Autonomia richiede capacità di ragionamento e adattamento.
20,both,1,blocchi,Il MONDO DEI BLOCCHI è un esempio di:,problema reale di IA generativa,toy problem usato per illustrare ricerca e pianificazione,problema NP-completo non risolvibile,b,sisint1,"In parole povere: Mondo dei blocchi è quando problema didattico classico per illustrare planning/ricerca. Non è 'reale' nel senso applicativo; serve a mostrare concetti come stati, azioni, goal, in un dominio semplice e visualizzabile."
21,both,1,problema,Quale tra i seguenti NON fa parte della definizione formale di un problema di ricerca?,stato iniziale e azioni applicabili,test obiettivo e funzione di costo,numero ottimo di iterazioni richieste,c,sisint1,"In parole povere: Formulazione di un problema è quando (S0, Actions, Transition Model, Goal Test, Path Cost). Il numero di iterazioni è una proprietà dell'algoritmo che lo risolve, NON del problema."
22,both,1,bfs,La ricerca in AMPIEZZA (BFS):,espande sempre il nodo più profondo non ancora espanso,espande i nodi per livelli di profondità crescenti,usa una pila (stack) per gestire la frontiera,b,sisint1,"In parole povere: BFS visita per livelli di profondità crescenti, espandendo TUTTI i nodi di profondità d prima di quelli a d+1. Usa coda FIFO. Espansione profonda è quando DFS."
23,both,1,dfs,La ricerca in PROFONDITÀ (DFS):,usa una coda FIFO per la frontiera,espande sempre il nodo più profondo non ancora espanso,è sempre ottima,b,sisint1,In parole povere: DFS espande sempre il nodo più profondo della frontiera. Usa pila LIFO (o ricorsione). Non è ottima: trova soluzione ma non necessariamente la più breve.
24,both,1,dfs,La ricerca in profondità è COMPLETA in generale?,sì sempre,"no, non è completa se esistono cammini infiniti","sì, ma solo in spazi continui",b,sisint1,In parole povere: DFS NON è completa se il branching factor permette cammini infiniti (può perdersi su un ramo infinito senza mai esplorare altri). Lo è solo su grafi finiti senza cicli o con graph-search che tenga traccia dei visitati.
25,both,1,ids,La ITERATIVE DEEPENING SEARCH (IDS) combina i vantaggi di:,A* e RBFS,BFS (completezza/ottimalità) e DFS (occupazione di memoria),minimax e alfa-beta,b,sisint1,In parole povere: IDS combina la completezza/ottimalità di BFS (esplorazione per livelli) con la memoria lineare di DFS. Il costo è solo costante: riesplorare nodi superficiali è dominato dall'esplorazione del livello più profondo.
26,both,1,complessita_bfs,"La COMPLESSITÀ in tempo della BFS è (b=branching, d=profondità soluzione):",O(b^d),O(d!),O(log b),a,sisint1,In parole povere: BFS espande TUTTI i nodi fino a profondità d. Con branching b ci sono b + b² + ... + b^d ≈ b^d nodi. Stessa complessità in spazio (memorizza la frontiera).
27,both,1,uniform_cost,La ricerca UNIFORM-COST espande il nodo con:,maggiore profondità,minore costo di percorso g(n) dal nodo iniziale,massima euristica,b,sisint1,In parole povere: Uniform-cost (Dijkstra) espande il nodo con MINOR costo g(n) accumulato dall'inizio. Garantisce ottimalità con costi positivi. Diverso da BFS (che usa profondità) e da greedy (che usa h).
28,both,1,astar,A* espande il nodo che minimizza:,h(n),g(n),f(n)=g(n)+h(n),c,sisint1,In parole povere: A* combina costo passato g(n) e stima futura h(n) in f(n) è quando g(n)+h(n). Il nodo espanso è sempre quello che minimizza il costo totale stimato della soluzione che passa per esso.
29,both,1,astar,A* con euristica AMMISSIBILE su grafo (con tree-search) garantisce:,solo completezza,ottimalità (oltre a completezza con costi positivi),solo terminazione,b,sisint1,"In parole povere: Con euristica ammissibile (non sovrastima il costo reale) e costi positivi, A* è completa e ottima usando tree-search. Per graph-search serve consistenza, altrimenti basta riaprire i nodi."
30,both,1,ammissibile,Un'euristica si dice AMMISSIBILE quando:,non sovrastima mai il costo reale per raggiungere il goal,è sempre maggiore di zero,sovrastima sempre il costo reale,a,sisint1,"In parole povere: Ammissibilità è quando h(n) ≤ h*(n), dove h*(n) è il vero costo da n al goal. Garantisce che A* non potoni il cammino ottimo. Una h che sovrastima può far ignorare la soluzione migliore."
31,both,1,consistente,Un'euristica si dice CONSISTENTE (monotona) quando:,"h(n) <= c(n,n') + h(n') per ogni successore n'",h è sempre nulla nel goal,h cresce monotonicamente,a,sisint1,"In parole povere: Consistenza (monotonia) è proprietà più forte di ammissibilità: per ogni arco (n,n') vale h(n) ≤ c(n,n') + h(n'). Implica che f sia non decrescente sui cammini e quindi A* con graph-search è ottima senza riapertura."
32,both,1,dominante,Date due euristiche ammissibili h1 e h2 con h2(n) >= h1(n) per ogni n; h2 si dice:,inammissibile rispetto a h1,dominante su h1,equivalente a h1,b,sisint1,In parole povere: Dominanza è una relazione tra euristiche ammissibili: h2 ≥ h1 ovunque. Con h dominante A* espande meno nodi (a parità di ottimalità) perché stringe di più i bound.
33,both,1,rbfs,RBFS (Recursive Best-First Search) ha come vantaggio principale rispetto ad A*:,non richiede euristica,uso di memoria lineare nella profondità,sempre completezza in spazi infiniti,b,sisint1,"In parole povere: RBFS imita best-first con backtracking ricorsivo: tiene in memoria solo il cammino corrente (memoria lineare in d), non l'intera frontiera. Trade-off: rivisita nodi quando il backtrack riapre rami già scartati."
34,both,1,minimax,L'algoritmo MINIMAX si applica a:,giochi a somma zero a due giocatori con informazione completa,giochi cooperativi,problemi di clustering,a,sisint1,"In parole povere: Minimax è formulato per giochi a SOMMA ZERO, due giocatori (MAX/MIN) con perfetta informazione. Per giochi cooperativi o multi-giocatore servono varianti (max^n, ecc.)."
35,both,1,alfa_beta,La potatura ALFA-BETA:,modifica il risultato di minimax,calcola lo stesso risultato di minimax esplorando in genere meno nodi,è completa solo per giochi stocastici,b,sisint1,"In parole povere: Alfa-beta è una potatura SAFE: non cambia il valore minimax calcolato, ma evita di esplorare sottoalberi che non possono influenzare la decisione finale. Cambia solo l'efficienza."
36,both,1,alfa_beta,"Con ordinamento ottimo delle mosse, la potatura alfa-beta ha complessità temporale:",O(b^m),O(b^(m/2)),O(m log b),b,sisint1,"In parole povere: Con ordinamento perfetto delle mosse (best first), alfa-beta visita solo b^(m/2) nodi invece di b^m. Permette di raddoppiare la profondità di ricerca a parità di tempo."
37,both,1,csp,Un CSP è definito da:,solo un insieme di vincoli,"variabili, domini e vincoli",solo variabili e funzione obiettivo,b,sisint1,"In parole povere: Un CSP è la tripla <X, D, C>: X è quando insieme di variabili, D è quando domini, C è quando vincoli (relazioni tra sottoinsiemi di variabili). Niente funzione obiettivo (sarebbe CSOP)."
38,both,1,csp_soluzione,Una SOLUZIONE di un CSP è:,un cammino dal nodo iniziale al goal,un assegnamento ai variabili che soddisfa tutti i vincoli,una sequenza di mosse di un giocatore,b,sisint1,"In parole povere: Soluzione di CSP è quando assegnamento completo che soddisfa TUTTI i vincoli. Non un cammino: nei CSP la sequenza di assegnamenti non importa, conta solo l'assegnamento finale."
39,both,1,backtracking,Il BACKTRACKING in un CSP:,assegna valori a tutte le variabili contemporaneamente,assegna variabili una alla volta e torna indietro al primo vincolo violato,è equivalente a forward checking,b,sisint1,"In parole povere: Backtracking è quando DFS specializzato per CSP. Assegna variabili una alla volta; se viola un vincolo, torna indietro all'ultima scelta e prova un altro valore. Forward checking lo potenzia eliminando valori inconsistenti dai domini futuri."
40,both,1,forward_checking,Il FORWARD CHECKING:,non ha alcun effetto sui domini,elimina dal dominio delle variabili non ancora assegnate i valori incompatibili con l'assegnamento corrente,è uguale ad arc consistency,b,sisint1,"In parole povere: Forward checking, dopo ogni assegnamento, elimina dai domini delle variabili future i valori inconsistenti con il vincolo attivo. Rileva precocemente fallimenti. Più debole di arc consistency (che considera anche vincoli tra variabili future)."
41,both,1,ac3,L'algoritmo AC-3 garantisce:,strong k-consistency,arc consistency (2-consistency),path consistency,b,sisint1,"In parole povere: AC-3 stabilisce ARC CONSISTENCY (2-consistency): ogni valore in ogni variabile è supportato da almeno un valore consistente in ciascun arco. Path consistency è quando 3-consistency, più costosa."
42,both,1,kconsistency,La K-CONSISTENCY afferma che:,ogni vincolo è soddisfatto,per ogni assegnamento consistente di k-1 variabili esiste un'estensione consistente alla k-esima,la rete di vincoli è completa,b,sisint1,In parole povere: K-consistency: ogni assegnamento consistente a k-1 variabili può essere esteso a una k-esima variabile mantenendo la consistenza. Strong k-consistency è quando j-consistency per tutti j ≤ k. Costo cresce esponenzialmente con k.
43,both,1,backjumping,Il BACKJUMPING differisce dal backtracking perché:,non esplora alternative,"torna indietro al nodo più recente responsabile del fallimento, saltando intermedi",non usa vincoli,b,sisint1,"In parole povere: Backjumping invece di tornare al genitore immediato, salta direttamente al nodo più recente i cui assegnamenti hanno causato il conflitto (conflict-directed). Riduce il backtrack inutile su variabili indipendenti."
44,both,1,blind_vs_informed,Differenza chiave tra ricerca BLIND e INFORMATA:,la blind usa euristica e l'informata no,la informata usa una funzione euristica che stima il costo al goal,la blind è sempre più rapida,b,sisint1,"In parole povere: Informata è quando usa un'euristica h(n) che stima il costo (o la distanza) per raggiungere il goal dal nodo n. La blind no, vede solo la struttura del problema senza guida di dominio."
45,both,1,greedy,La ricerca GREEDY BEST-FIRST espande il nodo che minimizza:,g(n),h(n),f(n)=g+h,b,sisint1,"In parole povere: Greedy best-first espande il nodo con h(n) minimo (la stima più bassa di distanza al goal). Veloce ma non considera il costo già speso, quindi può scegliere cammini lunghi che 'sembrano' vicini al goal."
46,both,1,greedy,La ricerca greedy best-first è:,completa e ottima sempre,non completa né ottima in generale,equivalente a uniform-cost,b,sisint1,"In parole povere: Greedy può ciclare (non completo senza graph-search) e può scegliere cammini sub-ottimi perché ignora g(n). Esempio classico: Romania, da Iași a Fagaraș via Neamț (vicolo cieco)."
47,both,1,iddfs,IDDFS è completa per spazi di stati:,infiniti,finiti con branching factor finito,solo bidimensionali,b,sisint1,In parole povere: IDDFS è completa su spazi con branching factor finito (anche se infinitamente profondi): per ogni profondità d esiste un'iterazione che la esplora. Su spazi infiniti in larghezza non lo è.
48,both,1,memoria,"Tra BFS e DFS, qual è il vantaggio di DFS sul piano della memoria?",DFS richiede memoria O(b·m) lineare nella profondità,DFS richiede O(b^d) come BFS,DFS richiede memoria costante,a,sisint1,In parole povere: DFS usa O(b·m) memoria: solo il cammino corrente + fratelli non espansi. BFS deve memorizzare l'intera frontiera è quando O(b^d). Per d>>m questo è un trade-off enorme.
49,both,1,giochi,Una FUNZIONE DI VALUTAZIONE in un gioco serve a:,calcolare il costo reale del cammino,stimare l'utilità di una posizione non terminale,sostituire la funzione obiettivo,b,sisint1,In parole povere: Funzione di valutazione è quando approssimazione di utilità per stati NON terminali. Permette di troncare la ricerca (depth-limited) e stimare chi sta vincendo. Negli scacchi: materiale + posizione + ecc.
50,both,1,giochi,Un gioco a SOMMA ZERO ha la proprietà che:,la somma delle utilità dei giocatori è costante (tipicamente zero),tutti i giocatori vincono,le mosse sono casuali,a,sisint1,In parole povere: Somma zero: utilità(MAX) + utilità(MIN) è quando costante. Ciò che uno guadagna l'altro perde. Permette di modellare il gioco con un'unica funzione utilità da massimizzare/minimizzare.
51,both,1,minimax_assunzione,Minimax assume che l'avversario:,giochi a caso,giochi in modo ottimo (minimizzando l'utilità di MAX),collabori con MAX,b,sisint1,"In parole povere: Minimax assume gioco ottimale di entrambi: MAX cerca max utilità, MIN cerca minimizzarla. Se l'avversario gioca male, minimax è ancora corretto (al peggio è quando al meglio per MAX) ma può non essere ottimo nella pratica."
52,both,1,csp_es,La colorazione di una mappa con k colori è un esempio classico di:,problema NP-completo modellabile come CSP,problema di clustering,gioco a somma zero,a,sisint1,"In parole povere: Mappa con k colori, quindi CSP: variabili è quando regioni, domini è quando {1..k}, vincoli binari è quando regioni adiacenti hanno colori diversi. Classico problema NP-completo (per k=3 su grafi generali)."
53,both,1,nqueen,Il problema delle N regine può essere risolto:,solo con ricerca informata,come CSP con backtracking + arc consistency,solo con BFS,b,sisint1,"In parole povere: N-regine si modella come CSP: variabili è quando N regine (una per colonna), dominio è quando righe {1..N}, vincoli binari è quando nessuna stessa riga né diagonale. Risolvibile efficientemente con AC + backtracking."
54,both,1,planning_intro,Il PLANNING in IA serve a:,classificare istanze,costruire una sequenza di azioni per raggiungere un obiettivo,risolvere CSP,b,sisint1,"In parole povere: Planning è quando costruire automaticamente una sequenza di azioni per raggiungere un goal a partire da uno stato iniziale, dato un modello delle azioni (precondizioni ed effetti)."
55,9,1,giochi_stoc,Un gioco STOCASTICO si caratterizza per:,assenza di avversario,"presenza di una componente aleatoria (es. lancio dadi, pesca carte)",utilizzo solo di minimax classico,b,con_avv_9cfu,"In parole povere: Stocastici è quando giochi con componente aleatoria intrinseca (dadi, mescolata di carte): l'esito di un'azione non è deterministicamente prevedibile. Backgammon, briscola, poker."
56,9,1,giochi_stoc,Quale dei seguenti è un esempio di gioco stocastico?,scacchi,backgammon,othello,b,con_avv_9cfu,In parole povere: Backgammon: ogni mossa è preceduta da lancio di 2 dadi che determina le mosse possibili. Componente aleatoria forte. Scacchi e othello sono deterministici.
57,9,1,expectiminimax,L'algoritmo EXPECTIMINIMAX si distingue da minimax perché:,non considera nodi MAX,introduce nodi di casualità con valore = somma pesata dalla probabilità degli outcome,non usa funzione di utilità,b,con_avv_9cfu,In parole povere: Expectiminimax estende minimax aggiungendo NODI DI CASUALITÀ tra mosse di MAX e MIN. Il valore di un nodo casuale è la media pesata (per probabilità) dei valori dei figli.
58,9,1,expectiminimax,Prerequisito per applicare expectiminimax è:,conoscere il colore delle carte avversarie,conoscere le distribuzioni di probabilità dei nodi di casualità,avere un avversario casuale,b,con_avv_9cfu,In parole povere: Per applicare expectiminimax devo conoscere la percentuali di probabilità di ogni evento casuale (es. probabilità di ogni combinazione dei dadi 1/36 ciascuna nel backgammon).
59,9,1,nodi_casuali,In expectiminimax un nodo CASUALE ha valore:,massimo dei figli,"somma_r P(r) * expectiminimax(result(s,r))",minimo dei figli,b,con_avv_9cfu,"In parole povere: Nodo casuale: V(s) è quando Σ_r P(r) · expectiminimax(result(s,r)). È un'aspettazione, non un max né min. Riflette l'incertezza sull'esito."
60,9,1,expectiminimax_compl,La complessità temporale di expectiminimax è:,O(b^m),O(b^m · n^m) con n eventi casuali distinti,O(log n),b,con_avv_9cfu,In parole povere: Complessità expectiminimax è O(b^m · n^m) dove n è quando numero esiti casuali per nodo. Esponenziale in più rispetto a minimax: i nodi casuali moltiplicano il branching.
61,9,1,expectiminimax_alfabeta,La potatura alfa-beta in expectiminimax:,si applica facilmente come in minimax,è difficilmente applicabile perché i nodi casuali sono medie e non si hanno bound certi,è impossibile,b,con_avv_9cfu,"In parole povere: Alfa-beta in expectiminimax è difficile: i nodi casuali calcolano medie, quindi non c'è un bound certo come max o min. Esiste *probabilistic alpha-beta* ma richiede bound sui valori delle utility."
62,9,1,variabile_aleatoria,Una VARIABILE ALEATORIA è:,una costante numerica,una variabile che assume valore in un insieme predefinito in funzione di un fenomeno aleatorio,una funzione deterministica,b,con_avv_9cfu,"In parole povere: Variabile aleatoria è quando mappa da uno spazio campionario a un valore (numero, categoria). Il suo valore dipende dall'esito di un fenomeno aleatorio. Esempi: lancio di dado, colore di pallina estratta."
63,9,1,incertezza,Le cause principali dell'incertezza per un agente sono:,conoscenza imperfetta e osservabilità parziale,solo errori di programmazione,solo rumore dei sensori,a,con_avv_9cfu,"In parole povere: Le due fonti tipiche di incertezza per un agente: (1) conoscenza imperfetta delle regole del mondo, (2) osservabilità parziale (sensori non vedono tutto). Entrambe vanno modellate per agire razionalmente."
64,both,2,logica_intro,La RAPPRESENTAZIONE DELLA CONOSCENZA mira a:,evitare il ragionamento esplicito,permettere a un sistema di rappresentare fatti del mondo e ragionare su di essi,sostituire l'apprendimento automatico,b,sisint1,"In parole povere: Rappresentazione della conoscenza è quando formalizzare fatti sul mondo in modo che un sistema possa ragionare automaticamente su di essi (inferenza, query answering, verifica consistenza)."
65,both,2,prop_sintassi,Una FORMULA ATOMICA in logica proposizionale è:,una variabile proposizionale,una congiunzione di letterali,una clausola di Horn,a,sisint1,"In parole povere: Formula atomica in logica proposizionale è quando una singola variabile proposizionale (es. P, Piove). È l'unità base; congiunzioni o clausole sono formule composte."
66,both,2,letterale,Un LETTERALE è:,una formula atomica o la sua negazione,una formula in forma normale congiuntiva,una clausola con almeno due letterali positivi,a,sisint1,"In parole povere: Letterale è quando formula atomica (positiva, es. P) o sua negazione (negativa, es. ¬P). È il mattone base delle clausole."
67,both,2,clausola,Una CLAUSOLA è:,una congiunzione di letterali,una disgiunzione di letterali,una formula ben formata qualsiasi,b,sisint1,In parole povere: Clausola è quando DISGIUNZIONE di letterali (l1 ∨ l2 ∨ ... ∨ ln). Le clausole vuote (= falso) e unitarie (= un solo letterale) sono casi limite. La CNF è congiunzione di clausole.
68,both,2,cnf,La forma normale CONGIUNTIVA (CNF) è:,una disgiunzione di clausole,una congiunzione di clausole,una sequenza di implicazioni,b,sisint1,In parole povere: CNF è quando congiunzione di clausole (= ∧ di ∨). Ogni formula proposizionale può essere trasformata in CNF equivalente. Forma normale richiesta dalla risoluzione.
69,both,2,tautologia,Una TAUTOLOGIA è una formula:,sempre vera in ogni interpretazione,sempre falsa in ogni interpretazione,vera in almeno una interpretazione,a,sisint1,In parole povere: Tautologia è quando vera in OGNI interpretazione/modello (esempio: A ∨ ¬A). Concettualmente: verità logica indipendente dal mondo specifico.
70,both,2,contraddizione,Una CONTRADDIZIONE è una formula:,sempre falsa in ogni interpretazione,sempre vera,soddisfacibile,a,sisint1,In parole povere: Contraddizione è quando falsa in ogni interpretazione (es. A ∧ ¬A). Una KB contraddittoria implica tutto (ex falso quodlibet) — pessima!
71,both,2,soddisfacibile,Una formula è SODDISFACIBILE se:,è vera in almeno una interpretazione,è vera in tutte le interpretazioni,non ha modelli,a,sisint1,In parole povere: Soddisfacibile è quando esiste ALMENO un'interpretazione che la rende vera. Diverso da valida (vera in tutte) e da insoddisfacibile (vera in nessuna).
72,both,2,clausola_horn,Una CLAUSOLA DI HORN ha:,almeno due letterali positivi,al più un letterale positivo,nessun letterale negativo,b,sisint1,"In parole povere: Clausola di Horn è quando clausola con AT MOST UN letterale positivo. Forme: solo negativi (¬A∨¬B), una positiva pura (P), regola (¬A∨¬B∨C ≡ A∧B→C). Permette inferenza efficiente lineare (Prolog)."
73,both,2,modus_ponens,Il MODUS PONENS è una regola di inferenza che dato A e A=>B deduce:,not A,B,A and B,b,sisint1,In parole povere: Modus ponens: da A e A→B deduco B. Regola fondamentale della logica deduttiva. Forward chaining la applica iterativamente sui fatti noti.
74,both,2,risoluzione,La RISOLUZIONE per la logica proposizionale è:,corretta ma non completa,corretta e refutation-complete,solo euristica,b,sisint1,In parole povere: Risoluzione proposizionale è REFUTATION-COMPLETE: deriva la clausola vuota da KB ∧ ¬α se e solo se KB ⊨ α. Non genera direttamente TUTTE le conseguenze ma ne verifica una qualsiasi.
75,both,2,refutation,La dimostrazione per REFUTAZIONE di KB |= alpha consiste nel:,mostrare che KB and not alpha è insoddisfacibile,mostrare che KB and alpha è insoddisfacibile,mostrare che alpha è una tautologia,a,sisint1,"In parole povere: Refutazione è quando dimostrare per assurdo. Per provare KB ⊨ α, aggiungo ¬α alla KB e applico risoluzione: se derivo la clausola vuota (contraddizione), allora KB ⊨ α."
76,both,2,forward_chain,Il FORWARD CHAINING (catena in avanti) parte da:,fatti noti e applica regole per derivare nuovi fatti,goal e cerca premesse,una contraddizione,a,sisint1,"In parole povere: Forward chaining è quando data-driven. Parte dai fatti, applica regole le cui premesse sono soddisfatte, deriva nuovi fatti. Si ferma quando non c'è più nulla da derivare o si trova il goal. Efficiente per Horn KB."
77,both,2,backward_chain,Il BACKWARD CHAINING (catena all'indietro) parte da:,fatti iniziali,goal e cerca regole con quel goal come conclusione,assiomi della KB,b,sisint1,"In parole povere: Backward chaining è quando goal-driven. Parte dal goal, cerca regole che lo concludono e tenta di soddisfarne le premesse ricorsivamente. È il modello di Prolog."
78,both,2,fol_intro,La LOGICA DEL PRIM'ORDINE (FOL) si distingue dalla proposizionale perché:,non usa connettivi,"introduce predicati, funzioni, quantificatori e variabili",è meno espressiva,b,sisint1,"In parole povere: FOL aggiunge: variabili, quantificatori (∀, ∃), predicati n-ari, funzioni. È strettamente più espressiva della proposizionale (può parlare di oggetti, non solo proposizioni atomiche)."
79,both,2,fol_quant,Il quantificatore UNIVERSALE forall x P(x) significa:,esiste almeno un x tale che P(x),per ogni x vale P(x),vale P solo per x noti,b,sisint1,"In parole povere: ∀x P(x): per QUALSIASI scelta di x nel dominio, P(x) è vera. Universale è quando afferma una proprietà comune a tutto il dominio."
80,both,2,fol_quant,Il quantificatore ESISTENZIALE exists x P(x) significa:,per ogni x vale P(x),esiste almeno un x tale che P(x),non vale mai P,b,sisint1,In parole povere: ∃x P(x): esiste ALMENO UN x nel dominio per cui P(x) è vera. Non specifica quale. Si combinano nidificandoli (∀x ∃y ≠ ∃y ∀x).
81,both,2,ground,Una formula GROUND è:,una formula senza variabili (solo costanti),una clausola di Horn,una formula in CNF,a,sisint1,"In parole povere: Formula ground è quando senza variabili libere o legate, solo costanti e funzioni applicate a costanti. È una formula 'concretamente vera o falsa' una volta fissata l'interpretazione."
82,both,2,unificazione,La SOSTITUZIONE che rende uguali due espressioni atomiche è detta:,interpretazione,unificatore,modello,b,sisint1,"In parole povere: Unificatore è quando sostituzione θ che, applicata a due espressioni (es. atomi), le rende sintatticamente identiche. Es: θ={x/John} unifica P(x) con P(John)."
83,both,2,unificazione,L'UNIFICATORE PIÙ GENERALE (MGU) è:,un unificatore qualsiasi,un unificatore tale che ogni altro unificatore può essere ottenuto da esso per ulteriore sostituzione,sempre vuoto,b,sisint1,In parole povere: MGU (Most General Unifier) è l'unificatore meno specifico: ogni altro unificatore può essere ottenuto da MGU per ulteriore sostituzione. L'algoritmo di unificazione di Robinson trova sempre l'MGU se esiste.
84,9,2,lifting,Il LIFTING della risoluzione consente di:,applicare la risoluzione proposizionale alla logica del prim'ordine tramite unificazione,eliminare i quantificatori esistenziali,sostituire la KB con un grafo,a,risol_FOL,"In parole povere: Lifting è quando trasportare la risoluzione dalla proposizionale alla FOL: invece di chiedere uguaglianza tra letterali opposti, si chiede unificabilità tramite un MGU, che viene poi applicato alla clausola risolvente."
85,9,2,refutation_complete,La risoluzione binaria con fattorizzazione in FOL è:,completa nel senso di derivare tutte le conseguenze logiche,refutation-complete,solo corretta ma non refutation-complete,b,risol_FOL,In parole povere: Binary resolution + factoring (collassare letterali unificabili) è REFUTATION-COMPLETE in FOL: se KB ⊨ α allora la risoluzione deriva la clausola vuota da KB ∧ ¬α (Robinson 1965).
86,9,2,skolem,La SKOLEMIZZAZIONE serve a:,eliminare le costanti,eliminare i quantificatori esistenziali introducendo costanti o funzioni di Skolem,trasformare in DNF,b,aima_ch9,"In parole povere: Skolemizzazione: rimuove ∃ introducendo costanti (se ∃ è esterno) o funzioni di Skolem dipendenti dalle ∀ a sinistra. Es: ∀x ∃y Ama(x,y), quindi ∀x Ama(x, f(x)). Preserva soddisfacibilità (ma NON equivalenza)."
87,both,2,kb,Una KNOWLEDGE BASE (KB) è:,solo un insieme di fatti,una collezione di formule che rappresentano conoscenza del mondo,un albero di ricerca,b,sisint1,"In parole povere: KB è quando insieme strutturato di formule (assiomi, regole, fatti) che rappresenta conoscenza in un dominio. Cuore di un sistema basato su conoscenza/inferenza."
88,both,2,query,Interrogare una KB significa:,modificare la KB,chiedere se una formula segue logicamente dalla KB,resettare il motore inferenziale,b,sisint1,In parole povere: Interrogare è quando chiedere se una formula α è conseguenza logica della KB (KB ⊨ α?). Non si modifica la KB; si applica un motore inferenziale.
89,both,2,tassonomia,Una TASSONOMIA è:,una rete neurale gerarchica,un'organizzazione gerarchica di categorie/concetti,un algoritmo di pianificazione,b,sisint1,In parole povere: Tassonomia è quando struttura ad albero di categorie collegate da relazioni di sotto/super-classe (is-a). Ogni categoria eredita proprietà dai padri. Esempio: regno animale.
90,both,2,is_a,"Il predicato IS-A(X,Y) tipicamente esprime che:",X è istanza di Y,X è sottocategoria di Y,X è un attuatore di Y,b,ontologie,"In parole povere: Is-a(A,B) tipicamente indica che A è SOTTOCLASSE di B (relazione tra categorie). Diverso da Member, che è relazione istanza-categoria."
91,both,2,member,"Il predicato MEMBER(X,C) esprime che:",X è una sottoclasse di C,X è istanza (elemento) della categoria C,X è una proprietà di C,b,ontologie,"In parole povere: Member(X,C) è quando X è un'ISTANZA (elemento) della categoria C. È relazione individuo-categoria. Diverso da Is-a (categoria-categoria)."
92,both,2,ereditarieta,"Nell'ereditarietà di una tassonomia, le sottoclassi:",non ereditano nulla,ereditano le proprietà delle sovraclassi,sovrascrivono sempre le proprietà,b,ontologie,"L'ereditarietà è come la genetica: se definisci che la classe 'Uccelli' sa volare, tutte le sottoclassi (Pappagallo, Aquila) 'ereditano' automaticamente la capacità di volare senza doverlo riscrivere."
93,9,2,disjoint,Disjoint(S) per un insieme di categorie S vale quando:,tutte le categorie hanno almeno un'istanza,le categorie in S non hanno istanze comuni,le categorie sono identiche,b,ontologie,"In parole povere: Disjoint(S) significa che le categorie in S non hanno istanze in comune (mutua esclusione). Es: {Cane, Gatto} sono disgiunte come categorie di mammiferi domestici."
94,9,2,exhaustive,"ExhaustiveDec(S,C) significa che:",le categorie in S coprono tutte le istanze di C,S è disgiunto,S contiene una sola categoria,a,ontologie,"In parole povere: ExhaustiveDec(S,C) è quando ogni istanza di C appartiene ad almeno una categoria di S (decomposizione che copre tutto C, ma può avere sovrapposizioni)."
95,9,2,partition,"Una PARTITION(S,C) è:","un insieme S tale che Disjoint(S) and ExhaustiveDec(S,C)",un insieme di sottoclassi qualsiasi,una decomposizione non esaustiva,a,ontologie,Creare una 'Partizione' significa dividere un gruppo in categorie che non si accavallano mai (un elemento sta in una e una sola categoria) e che coprono tutti (nessuno resta fuori).
96,9,2,part_of,La relazione PART-OF gode della proprietà:,riflessiva,transitiva,antisimmetrica solo,b,ontologie,"In parole povere: Part-of è transitiva: se A è parte di B e B è parte di C, allora A è parte di C. Esempio: dito, quindi mano, quindi braccio, quindi corpo. NON è riflessiva (X non è parte di se stessa)."
97,9,2,bunch_of,"Bunch-of({a,b,c}):","è una categoria con istanze a,b,c","è un oggetto composto dalle parti a,b,c senza specificare le relazioni",è il prodotto cartesiano di tre insiemi,b,ontologie,"In parole povere: Bunch-of({a,b,c}) è quando oggetto composto dalle parti elencate, senza specificare le relazioni interne (a differenza di un'aggregazione strutturata). Es: un mucchio di pietre."
98,9,2,tbox_abox,La T-BOX di un'ontologia contiene:,fatti su singole istanze,"definizioni intensionali, specializzazioni e proprietà generali",query dell'utente,b,ontologie,"La T-Box (Terminological box) è come il 'vocabolario' del sistema: contiene le definizioni generali (es. 'Tutti gli cani hanno 4 zampe') e le regole astratte, senza preoccuparsi dei singoli individui."
99,9,2,tbox_abox,La A-BOX di un'ontologia contiene:,definizioni generali,fatti su singole istanze (estensionali),la struttura tassonomica,b,ontologie,In parole povere: A-box (Assertional box) è quando parte pratica/sui singoli individui: fatti su istanze specifiche (Pongo è un Dalmata). Deve essere coerente con la T-box (terminologicamente).
100,9,2,eccezioni,Le ECCEZIONI in un'ontologia con eredità possono:,solo aggiungere proprietà,cancellare proprietà ereditate,modificare i quantificatori,b,ontologie,Come in natura ci sono le eccezioni: i pinguini sono uccelli ma non volano. Nei sistemi possiamo 'cancellare' o sovrascrivere una regola generale per una classe specifica.
101,both,2,ontologia,Un'ONTOLOGIA si differenzia da una TASSONOMIA perché:,è un caso particolare di tassonomia,è una struttura più generale (un grafo) che include anche relazioni non gerarchiche,non contiene categorie,b,ontologie,"In parole povere: Ontologia è quando grafo generale di concetti e relazioni (anche non gerarchiche: part-of, causes, ecc.). Tassonomia è quando caso particolare ad albero, con sole relazioni di sotto-classe."
102,both,2,owl,OWL è:,un linguaggio per ontologie del semantic web,un algoritmo di ricerca,una variante di RDF senza schema,a,sisint1,"In parole povere: OWL (Web Ontology Language) è quando linguaggio standard W3C per ontologie del semantic web. Basato su RDF, descrive classi, proprietà, individui con espressività descrizione-logica."
103,both,2,rdf,Nel modello RDF la conoscenza è espressa come:,coppie chiave-valore,triple soggetto-predicato-oggetto,liste di nodi,b,sisint1,"In parole povere: RDF rappresenta conoscenza come TRIPLE soggetto-predicato-oggetto. Es: <Pongo, hasOwner, Pongo's owner>. Un insieme di triple è un grafo RDF (nodi=entità, archi=predicati)."
104,both,2,situation_calc,"Nel SITUATION CALCULUS, un FLUENTE è:",una costante che non cambia,una relazione/proprietà che può cambiare valore in seguito alle azioni,una funzione di utilità,b,sisint1,"In parole povere: Fluente è quando predicato/relazione che dipende dalla situazione (cambia nel tempo). Es: Holds(At(Robot,L), s). Si denota esplicitamente la situazione s come argomento."
105,both,2,assioma_appl,L'assioma di APPLICABILITÀ esprime che:,un'azione è applicabile in una situazione se le precondizioni sono vere,ogni azione è sempre applicabile,nessuna azione è applicabile,a,sisint1,"In parole povere: Assioma di applicabilità: ∀params,s Applicable(Action(params), s) ⇔ Precond(params, s). Definisce quando un'azione si può eseguire (precondizioni soddisfatte nella situazione corrente)."
106,both,2,assioma_eff,L'assioma di EFFETTO descrive:,le precondizioni di un'azione,gli effetti di un'azione nello stato risultante,la durata dell'azione,b,sisint1,"In parole povere: Assioma di effetto descrive cosa CAMBIA dopo l'azione: cosa è vero in Result(Action, s). Es: dopo Pickup(blocco) vale Holding(blocco). Non basta: c'è anche il frame problem."
107,both,2,frame_problem,Il FRAME PROBLEM consiste nel:,non sapere quali azioni applicare,specificare ciò che NON cambia in seguito a un'azione,calcolare l'utilità,b,sisint1,In parole povere: Frame problem: come specificare che TUTTO IL RESTO non cambia? Non basta dire cosa cambia: serve dichiarare implicitamente o esplicitamente la persistenza degli altri fluenti.
108,both,2,frame_axiom,L'ASSIOMA DI FRAME serve a:,specificare che un fluente che non è effetto di un'azione mantiene il proprio valore,sostituire la funzione successore,aggiungere effetti collaterali,a,sisint1,"In parole povere: Assioma di frame: per ogni fluente, dice che se nessun effetto lo modifica, mantiene il valore. Approccio classico: un assioma per ogni coppia (fluente, azione). Russell-McCarthy successor-state axioms compattano."
109,both,2,sussman,L'ANOMALIA DI SUSSMAN illustra che:,i sottogoal sono sempre indipendenti,perseguire un sottogoal può disfare un altro già raggiunto,la pianificazione è sempre lineare,b,sisint1,In parole povere: Anomalia di Sussman: perseguire un sottogoal può disfare un sottogoal già risolto (esempio classico con tre blocchi). Mostra che la pianificazione non sempre è lineare/sequenziale.
110,both,2,pddl,PDDL è:,"un linguaggio per esprimere problemi di planning (stati, azioni, obiettivi)",un'algoritmo di ricerca informata,una rete neurale,a,sisint1,"In parole povere: PDDL (Planning Domain Definition Language) standardizza la rappresentazione di problemi di planning: stati come fluenti, azioni con precondizioni ed effetti, goal. Usato in competizioni IPC."
111,both,3,agente_razionale,Un agente RAZIONALE:,raggiunge sempre il risultato desiderato,massimizza l'utilità attesa data la sua conoscenza,è onnisciente,b,sisint1,In parole povere: Agente razionale (Russell-Norvig): sceglie l'azione che MASSIMIZZA L'UTILITÀ ATTESA data la sua percezione/conoscenza. Razionalità ≠ onniscienza: razionale può ancora sbagliare per limiti di info.
112,both,3,reattivo,Un agente REATTIVO SEMPLICE:,pianifica sequenze di azioni,sceglie l'azione in base solo alla percezione corrente (regole IF-THEN),mantiene un modello del mondo,b,sisint1,"In parole povere: Reattivo semplice: input è quando percezione corrente, output è quando azione (regole IF-THEN-ELSE). Niente memoria né modello. Veloce ma cieco se servono stati passati."
113,both,3,model_based,Un agente BASATO SU MODELLO:,non considera la storia,mantiene uno stato interno che riflette gli aspetti non osservati dell'ambiente,è equivalente a un reattivo semplice,b,sisint1,In parole povere: Basato su modello: mantiene uno STATO INTERNO che riflette aspetti non osservati. Aggiorna lo stato in base a percezioni + modello di transizione. Necessario in ambienti parzialmente osservabili.
114,both,3,goal_driven,Un agente GOAL-DRIVEN:,sceglie l'azione in base a un obiettivo da raggiungere,massimizza una funzione di utilità,non considera lo stato del mondo,a,sisint1,"In parole povere: Goal-driven: ha un obiettivo esplicito. Sceglie azioni che lo avvicinano al goal (può usare planning). Più flessibile di reattivi puri: cambi goal, quindi cambi comportamento."
115,both,3,utility_driven,Un agente UTILITY-DRIVEN:,usa solo regole reattive,sceglie l'azione massimizzando una funzione di utilità,non ha conoscenza del mondo,b,sisint1,In parole povere: Utility-driven: ha una funzione di utilità sugli stati. Sceglie azioni che massimizzano l'utilità attesa. Permette di scegliere tra goal in conflitto (trade-off) e gestire incertezza.
116,both,3,agente_apprende,Un agente CAPACE DI APPRENDERE include un componente:,modulo critico che valuta le prestazioni dell'agente,solo un attuatore,sostituisce ogni decisione con scelte casuali,a,sisint1,"In parole povere: Agente che apprende ha 4 componenti: elemento di esecuzione, elemento di apprendimento, MODULO CRITICO (valuta prestazioni e fornisce feedback), generatore di problemi (esplorazione)."
117,both,3,classificazione,La CLASSIFICAZIONE consiste nel:,raggruppare istanze senza etichette,assegnare un'istanza a una classe predefinita,risolvere CSP,b,sisint1,In parole povere: Classificazione è quando assegnare un'istanza a una classe da un insieme PREDEFINITO di classi. Apprendimento supervisionato (training con classi note). Diverso da clustering (no etichette) e regressione (output continuo).
118,both,3,supervisionato_def,Apprendimento SUPERVISIONATO significa:,non si conosce alcuna informazione su istanze,gli esempi del learning set hanno la classe associata,si massimizza solo l'entropia,b,sisint1,"In parole povere: Supervisionato è quando i dati di training contengono coppie (input, classe). L'algoritmo impara la mappa input→classe. Apprendimento 'guidato' dalle etichette."
119,9,3,non_supervisionato,Apprendimento NON SUPERVISIONATO (clustering) significa:,gli esempi hanno etichette,si raggruppano istanze sulla base di somiglianza senza etichette di classe,si massimizza l'errore,b,integrato,"In parole povere: Non supervisionato (clustering) è quando senza etichette di classe. L'algoritmo trova STRUTTURE/GRUPPI naturali nei dati basandosi su similarità. Esempi: k-means, gerarchico, DBSCAN."
120,both,3,training_test,Il TEST SET è usato per:,addestrare il modello,valutare le prestazioni del modello su dati non visti,definire le classi,b,sisint1,In parole povere: Test set è quando dati MAI VISTI durante training. Serve per stimare la generalizzazione del modello (prestazioni su dati nuovi). Confonderlo con training porta a stime ottimistiche.
121,both,3,accuratezza,L'ACCURATEZZA è definita come:,predizioni corrette / predizioni totali,errori / predizioni corrette,1 - precision,a,sisint1,"In parole povere: Accuratezza è quando (TP+TN)/totale è quando predizioni corrette / totale. Misura globale di prestazione, sensata se le classi sono bilanciate. Su classi sbilanciate, va integrata con precision/recall."
122,both,3,error_rate,Il TASSO D'ERRORE (error rate) è:,1 - accuratezza,predizioni totali / predizioni corrette,solo per regressione,a,sisint1,In parole povere: Error rate è quando 1 − accuratezza è quando predizioni sbagliate / totale. Spesso più intuitivo quando vuoi minimizzare l'errore.
123,both,3,matrice_costi,La MATRICE DEI COSTI in un classificatore:,è uguale alla matrice di confusione,associa un costo a ogni tipo di errore o predizione corretta,è una rete neurale,b,sisint1,"In parole povere: Matrice dei costi: a ogni cella (classe_reale, classe_predetta) associa un costo. Permette di pesare diversamente gli errori (es. falso negativo medico più grave del falso positivo)."
124,both,3,rote_learning,L'apprendimento per ROTE (apprendimento meccanico):,memorizza istanze e confronta nuove istanze per trovarne di identiche o simili,non usa memoria,addestra reti neurali profonde,a,sisint1,In parole povere: Rote learning è quando memorizzare le istanze. Su nuova istanza cerca quella identica (o più simile via distanza). Semplice ma limitato; antenato di k-NN.
125,both,3,votazione_maggioranza,Nella votazione a MAGGIORANZA per classificazione:,vince la classe meno votata,vince la classe più votata,si pesano i voti con l'entropia,b,sisint1,"In parole povere: Voto a maggioranza: tra i vicini più simili, si conta la classe più frequente. Approccio base di k-NN. Adatto per classi discrete."
126,both,3,votazione_pesata,Nella votazione PESATA:,tutti i voti hanno lo stesso peso,i voti hanno peso variabile in base alla distanza/somiglianza fra istanze,si ignorano i voti distanti,b,sisint1,In parole povere: Voto pesato: ogni vicino contribuisce con un peso inversamente proporzionale alla distanza. Più vicino è quando più peso. Riduce l'influenza dei vicini lontani.
127,both,3,alberi_decisione,Un ALBERO DI DECISIONE è caratterizzato da:,nodi interni che rappresentano test su attributi e foglie che rappresentano classi,nodi solo etichettati con classi,foglie che contengono altri sotto-alberi sempre,a,sisint1,"In parole povere: Albero di decisione: nodi interni testano un attributo, archi è quando valori dell'attributo, foglie è quando classe predetta. Modello interpretabile, ottenuto top-down con algoritmi tipo Hunt/ID3/C4.5."
128,both,3,hunt,L'algoritmo di HUNT costruisce alberi di decisione:,bottom-up dalle foglie,top-down dividendo ricorsivamente il learning set secondo un attributo,senza scelta di split,b,sisint1,"In parole povere: Hunt: ricorsivo, top-down. (1) Se istanze nel nodo sono pure, quindi foglia. (2) Altrimenti scegli attributo migliore, splitta, ricorsivo sui figli. Variazioni differiscono nel criterio di scelta dell'attributo (gain)."
129,both,3,attributi,Quali tipi di attributi NON è tipico in un albero di decisione?,binari,nominali,continui (ma con discretizzazione/test su soglie),a,sisint1,"In parole povere: Continui sono tipici negli alberi di decisione MA richiedono discretizzazione/scelta di soglie. Binari, nominali, ordinali sono direttamente trattabili. La distrazione 'continui' come 'non tipico' è giustificata solo se intendiamo nativi senza preprocessing."
130,both,3,entropia,L'ENTROPIA di un nodo è:,una misura del grado di confusione (impurità) dell'insieme di istanze al nodo,sempre 1,la dimensione dell'insieme,a,sisint1,"In parole povere: Entropia(t) è quando -Σ p(i|t) log₂ p(i|t). Misura l'IMPURITÀ del nodo: 0 se tutte istanze stessa classe, max è quando log₂(c) se uniforme. Negli split si minimizza l'entropia attesa."
131,both,3,gain,L'INFORMATION GAIN di uno split è:,la differenza tra l'impurità del padre e la media pesata delle impurità dei figli,la dimensione del sotto-albero,zero per ogni split utile,a,sisint1,In parole povere: Information gain è quando entropia(padre) - Σ (|figlio|/|padre|) × entropia(figlio). Misura quanto un attributo RIDUCE l'incertezza. Si sceglie l'attributo con gain massimo.
132,both,3,occam,Il RASOIO DI OCCAM in machine learning suggerisce di preferire:,modelli più complessi a parità di prestazioni,modelli più semplici a parità di prestazioni,modelli con maggior numero di parametri,b,sisint1,"In parole povere: Occam: a parità di prestazioni, preferisci il modello PIÙ SEMPLICE (minor numero di assunzioni). Negli alberi: meno nodi a parità di accuratezza. Riduce overfitting e migliora interpretabilità."
133,both,3,overfitting,L'OVERFITTING in un albero di decisione si manifesta quando:,il modello generalizza bene su test set,il modello aderisce troppo al training set perdendo capacità di generalizzazione,l'albero è troppo piccolo,b,sisint1,"In parole povere: Overfitting: alta accuratezza su training, scarsa su test. Il modello ha imparato anche il rumore. Tipico in alberi troppo profondi, reti troppo grandi, training set piccolo."
134,both,3,prepruning,Il PREPRUNING:,potatura applicata dopo la costruzione completa,interrompe la crescita dell'albero quando il guadagno non supera una soglia,non riduce overfitting,b,sisint1,In parole povere: Prepruning: interrompe lo split se il gain è sotto soglia o se il nodo è troppo piccolo. Previene overfitting MA può fermarsi troppo presto (sotto-apprendimento).
135,both,3,postpruning,Il POSTPRUNING:,si applica al modello già addestrato eliminando rami poco utili,interrompe l'addestramento prima del termine,è un metodo di clustering,a,sisint1,"In parole povere: Postpruning: prima costruisci albero completo, poi POTI i rami che non migliorano prestazioni stimate (es. tramite validation set o pessimistic error). Più costoso ma più affidabile del prepruning."
136,both,3,mdl,Il MINIMUM DESCRIPTION LENGTH (MDL) seleziona modelli che minimizzano:,solo l'errore sul training set,la lunghezza combinata di modello + errori,solo il numero di parametri,b,sisint1,In parole povere: MDL (Minimum Description Length): seleziona il modello che minimizza L(modello) + L(dati|modello). Bilancia complessità del modello e errore sui dati. Formalizza il rasoio di Occam.
137,both,3,perceptron,Il PERCEPTRON di Rosenblatt calcola:,una combinazione lineare pesata degli ingressi seguita da una funzione di attivazione,una media geometrica,una trasformata di Fourier,a,sisint1,"In parole povere: Perceptron: net è quando Σwᵢxᵢ, output è quando f(net) con f è quando funzione di attivazione (originariamente gradino, poi sigmoide). Calcola una soglia su una combinazione lineare degli input."
138,both,3,perceptron_xor,Un perceptron lineare singolo NON è in grado di rappresentare:,la funzione AND,la funzione OR,la funzione XOR,c,sisint1,"In parole povere: Perceptron a singolo strato risolve solo problemi LINEARMENTE SEPARABILI. XOR non lo è (no iperpiano che separa (0,1),(1,0) da (0,0),(1,1)). Limite famoso evidenziato da Minsky&Papert."
139,both,3,sigmoide,La funzione SIGMOIDE 1/(1+exp(-a(net-θ))):,è discontinua,è una funzione di attivazione derivabile usata in MLP,è una funzione di costo,b,sisint1,"In parole povere: Sigmoide σ(x) è quando 1/(1+e^(-x)): differenziabile, output (0,1), comportamento simile al gradino ma 'liscio'. Permette backpropagation (gradient computable)."
140,both,3,mlp,Un MULTI-LAYER PERCEPTRON (MLP):,ha un solo neurone,ha topologia a strati con strati hidden tra input e output,è equivalente al perceptron singolo,b,sisint1,"In parole povere: MLP è quando perceptron multistrato con uno o più strati hidden tra input e output. Connessioni feed-forward, attivazioni non lineari. Universal approximator (Cybenko 1989)."
141,both,3,backprop,La BACKPROPAGATION addestra MLP propagando:,gli ingressi all'indietro,l'errore dai neuroni di output verso quelli interni per aggiornare i pesi,direttamente gli output,b,sisint1,"In parole povere: Backpropagation: errore calcolato in output, propagato all'indietro attraverso lo strato hidden tramite chain rule. Si aggiornano i pesi proporzionalmente al gradiente del costo."
142,both,3,gradiente,La DISCESA DEL GRADIENTE è una tecnica per:,massimizzare l'errore,minimizzare iterativamente una funzione di costo seguendo l'opposto del gradiente,calcolare la sigmoide,b,sisint1,In parole povere: Discesa del gradiente: muoviti nello spazio dei pesi nella direzione OPPOSTA al gradiente della funzione di costo. Converge a minimo locale; learning rate controlla la velocità.
143,both,3,lr,Il LEARNING RATE in discesa del gradiente:,è sempre 1,controlla l'ampiezza dell'aggiornamento dei pesi a ogni passo,influenza solo la funzione di attivazione,b,sisint1,"In parole povere: Learning rate η: passo dell'aggiornamento Δw è quando -η ∇L. Troppo alto, quindi oscillazioni/divergenza. Troppo basso, quindi convergenza lenta. Spesso si usano schedule (decay) o adattivi (Adam)."
144,both,3,epoca,Un'EPOCA di apprendimento è:,una singola istanza,una passata completa su tutto il learning set,una settimana di addestramento,b,sisint1,In parole povere: Un'epoca è quando una passata completa su tutto il learning set. Tipicamente si usano molte epoche (decine-migliaia). Diverso da iterazione (= un singolo aggiornamento mini-batch).
145,both,3,rete_neurale,Una RETE NEURALE è descritta come:,una macchina di Turing universale,un approssimatore universale di funzioni con natura distribuita,un albero di decisione,b,sisint1,"In parole povere: Rete neurale è quando approssimatore universale di funzioni: con neuroni e strati sufficienti può approssimare qualsiasi funzione continua. Natura distribuita: conoscenza in pesi, non in regole esplicite."
146,9,3,rl,Nel REINFORCEMENT LEARNING (RL):,si apprende da esempi etichettati,si apprende un comportamento massimizzando il compenso atteso dall'ambiente,si raggruppano istanze,b,sisint1,"In parole povere: RL: agente apprende dall'INTERAZIONE con l'ambiente, ricevendo reward. Massimizza il reward atteso futuro. Diverso da supervisionato (no etichette dirette) e non-supervisionato (c'è feedback, anche se sparso)."
147,9,3,policy,Una POLICY in RL è:,una sequenza fissa di azioni,un mapping da situazioni a probabilità di azioni,una funzione di costo,b,sisint1,In parole povere: Policy π(a|s) è quando mappa che assegna a ogni stato una percentuali di probabilità sulle azioni. Deterministica è quando una sola azione; stocastica è quando distribuzione. Obiettivo RL: trovare π* ottima.
148,9,3,reward,Nel RL il REWARD indica:,solo punizioni,"COSA si desidera che l'agente faccia, non COME farlo",la lunghezza del cammino,b,sisint1,"In parole povere: Reward è quando segnale numerico che indica DESIDERABILITÀ dello stato/azione. Specifica COSA vogliamo (non il come). Reward sparso/denso, ritardato/immediato influenzano la difficoltà."
149,9,3,mdp,Un MARKOV DECISION PROCESS (MDP) finito è definito da:,solo stati,"insieme stati S, azioni A, probabilità transizione P e reward R",una rete bayesiana,b,sisint1,"In parole povere: MDP finito: <S, A, P(s'|s,a), R(s,a,s')>. Modello standard per RL con proprietà markoviana (futuro dipende solo da stato corrente). Equazioni di Bellman valgono in MDP."
150,9,3,discount,Il fattore di DISCOUNT gamma in RL:,è sempre 0,"pesa il reward futuro (gamma in [0,1]) rendendo la somma finita anche per orizzonti infiniti",è il learning rate,b,sisint1,"In parole povere: Discount γ ∈ [0,1]: pesa reward futuri. γ < 1, quindi preferisci reward immediati, somma R_t converge anche per orizzonti infiniti. γ è quando 0, quindi solo reward immediato (miope)."
151,9,3,bellman,L'EQUAZIONE DI BELLMAN esprime:,la convergenza del clustering,la funzione di valore di uno stato in modo ricorsivo in termini di reward immediato e valore degli stati successori,la regola delta dell'MLP,b,sisint1,"In parole povere: Bellman: V^π(s) è quando Σ_a π(a|s) Σ_s' P(s'|s,a) [R + γ V^π(s')]. Esprime ricorsivamente il valore di uno stato. Base degli algoritmi di programmazione dinamica e di TD learning."
152,9,3,clustering_def,Il CLUSTERING (apprendimento non supervisionato) ha l'obiettivo di:,classificare istanze in classi predefinite,raggruppare istanze simili in gruppi omogenei senza etichette di classe,massimizzare l'entropia di un nodo,b,integrato,In parole povere: Clustering è quando trovare gruppi naturali in dati NON ETICHETTATI. Misura di similarità/distanza determina i cluster. Es: k-means minimizza distanza intra-cluster.
153,9,3,kmeans,L'algoritmo K-MEANS:,richiede etichette di classe,partiziona n istanze in k cluster minimizzando la somma delle distanze al centroide del cluster,è esattamente uguale a Hunt,b,integrato,"In parole povere: K-means: (1) inizializza k centroidi, (2) assegna ogni punto al centroide più vicino, (3) ricalcola centroidi come media dei punti assegnati, (4) ripeti fino a convergenza. Minimizza WSS (within-cluster sum of squares)."
154,9,3,kmeans_k,In k-means il numero di cluster k:,viene scelto dall'algoritmo,è un iperparametro da fissare,è sempre 2,b,integrato,"In parole povere: k è quando iperparametro fissato a priori. Sceglierlo male produce cluster poco significativi. Metodi: elbow, silhouette, gap statistic per stimare k buono."
155,9,3,cluster_gerarchico,Il CLUSTERING GERARCHICO produce:,un singolo cluster,una gerarchia di partizioni (dendrogramma) ottenuta per fusione o divisione progressiva,etichette esatte di classe,b,integrato,"In parole povere: Clustering gerarchico: produce un DENDROGRAMMA (albero di fusioni/divisioni). Agglomerative (bottom-up, parte da singletons) o divisive (top-down). Vantaggio: non richiede k a priori, lo decidi tagliando l'albero."
156,9,3,reg_learning,L'apprendimento di SISTEMI DI REGOLE produce modelli del tipo:,reti neurali,IF condizione THEN classe,alberi binari di ricerca,b,integrato,"In parole povere: Rule learning: produce un set di regole IF-THEN simboliche. Tecniche: sequential covering (RIPPER, CN2), conversione da albero di decisione. Vantaggio: regole sono leggibili."
157,9,3,reg_dt,Da un albero di decisione è possibile estrarre:,solo un'istanza,un sistema di regole IF-THEN equivalente percorrendo i cammini radice-foglia,una rete bayesiana,b,integrato,"In parole povere: Da albero a regole: ogni cammino radice-foglia, quindi una regola (premesse è quando test, conclusione è quando classe della foglia). Permette di interpretare l'albero come sistema di regole equivalente."
158,9,3,nn_recenti,Una rete CONVOLUTIONAL (CNN) è particolarmente usata per:,clustering di testi,riconoscimento di immagini sfruttando convoluzioni e invarianza locale,calcolo dell'entropia di Shannon,b,integrato,"In parole povere: CNN: convoluzioni applicano filtri locali condivisi su immagini. Sfruttano invarianza traslazionale e località: pochi parametri rispetto a MLP fully-connected. Standard per visione (ImageNet, ecc.)."
159,9,3,nn_recurrent,Le reti RICORRENTI (RNN/LSTM/GRU) sono adatte a:,dati i.i.d. tabulari,dati sequenziali grazie a uno stato interno persistente nel tempo,immagini statiche solo,b,integrato,"In parole povere: RNN/LSTM/GRU: condividono pesi nel tempo, stato nascosto h_t aggiornato a ogni timestep. Adatte a sequenze (testo, audio, serie storiche). LSTM/GRU gestiscono long-range con gating."
160,9,3,nn_transformer,L'architettura TRANSFORMER si basa principalmente su:,convoluzioni 2D,meccanismo di SELF-ATTENTION che pesa le relazioni tra elementi della sequenza,filtri ricorrenti LSTM,b,integrato,"In parole povere: Transformer (Vaswani 2017): SELF-ATTENTION calcola pesi di rilevanza tra tutti gli elementi della sequenza. No ricorrenza, quindi parallelizzabile. Base di BERT, GPT, T5, ecc."
161,9,3,gen_ai,L'IA GENERATIVA mira a:,classificare istanze già etichettate,"generare nuovi contenuti (testo, immagini, audio) appresi dalla distribuzione dei dati",sostituire CSP,b,integrato,In parole povere: IA generativa: modelli che apprendono p(x) (o p(x|condizione)) e poi CAMPIONANO nuovi dati realistici. Diversa da discriminativa (apprende p(y|x) per classificare).
162,9,3,llm,Un LARGE LANGUAGE MODEL (LLM) come GPT è tipicamente:,una rete CNN classica,una rete transformer pre-addestrata su grandi corpora di testo,una macchina a vettori di supporto (SVM),b,integrato,"In parole povere: LLM è quando grande rete (Transformer) pre-addestrata su corpus enormi tramite next-token prediction. Apprendono distribuzione di linguaggio, generalizzano via few-shot/zero-shot prompting. Es: GPT, Llama."
163,9,3,gan,In una GAN (Generative Adversarial Network):,generatore e discriminatore competono in un gioco minimax,c'è un solo modello supervisionato,non si usano reti neurali,a,integrato,"In parole povere: GAN: generatore G crea fake, discriminatore D distingue reali/fake. Si addestrano in gioco MINIMAX: G inganna D, D smaschera G. All'equilibrio G produce campioni indistinguibili dai reali."
164,9,3,autoencoder,Un AUTOENCODER apprende:,etichette di classe,una rappresentazione compressa ricostruendo l'input in output,solo politiche di RL,b,integrato,"In parole povere: Autoencoder: rete encoder→bottleneck→decoder che impara a RICOSTRUIRE l'input. Il bottleneck è una rappresentazione compressa. Varianti: denoising, VAE (generativo), sparse."
165,9,3,diffusion,I modelli di DIFFUSIONE generano immagini:,calcolando la trasformata di Fourier,imparando a invertire un processo di aggiunta progressiva di rumore,sostituendo il dataset con un albero,b,integrato,"In parole povere: Modelli di diffusione (DDPM): apprendono a invertire un processo che aggiunge rumore gaussiano gradualmente. Generano denoising step-by-step da rumore puro. Stato dell'arte per immagini (Stable Diffusion, DALL-E)."
166,9,2,aima_prob,Una VARIABILE ALEATORIA in teoria della probabilità è caratterizzata da:,solo dal suo nome,un dominio e una distribuzione di probabilità sui valori,una funzione di attivazione,b,aima_ch12,In parole povere: Variabile aleatoria in teoria probabilità: ha dominio (insieme di valori possibili) e distribuzione (probabilità su quel dominio). Discreta o continua. Concetto base prima di reti bayesiane.
167,9,2,prob_assiomi,Quale dei seguenti è un assioma di KOLMOGOROV?,P(A) può essere negativo,0 <= P(A) <= 1 per ogni evento A,P(omega) = 0,b,aima_ch12,"In parole povere: Assiomi di Kolmogorov: (1) P(A) ≥ 0, (2) P(Ω) è quando 1, (3) per eventi disgiunti P(A∪B) è quando P(A)+P(B). Definiscono cosa significa 'probabilità' matematicamente. Limite superiore: P(A) ≤ 1."
168,9,2,prob_marginal,"La PROBABILITÀ MARGINALE P(X) si ottiene dalla congiunta P(X,Y) tramite:",prodotto P(X)*P(Y),"somma su Y di P(X,Y)",divisione per P(Y),b,aima_ch12,"In parole povere: Marginalizzazione: P(X) è quando Σ_y P(X,Y=y) (somma sul dominio di Y). Elimina Y integrando/sommando la distribuzione congiunta. Da congiunta su tutte le variabili, quindi distribuzione su un sottoinsieme."
169,9,2,prob_cond,La PROBABILITÀ CONDIZIONATA P(A|B) è definita come:,P(A and B),P(A and B) / P(B) con P(B) > 0,P(A) + P(B),b,aima_ch12,"La probabilità condizionata risponde alla domanda: 'Sapendo che è già successa la cosa B, quante probabilità ho che succeda A?'. È il modo in cui aggiorniamo le nostre credenze man mano che scopriamo nuovi indizi."
170,9,2,prob_bayes,Il TEOREMA DI BAYES esprime:,P(H|E) = P(E|H)*P(H)/P(E),P(H|E) = P(E|H) + P(H),P(H and E) = P(H) - P(E),a,aima_ch12,In parole povere: Bayes: P(H|E) è quando P(E|H)·P(H)/P(E). Inverte la condizionale: da P(evidenza|ipotesi) ricavi P(ipotesi|evidenza). Cuore dell'inferenza diagnostica.
171,9,2,indipendenza,Due variabili aleatorie X e Y sono INDIPENDENTI sse:,"P(X,Y) = P(X)+P(Y)","P(X,Y) = P(X)*P(Y)",P(X|Y) = 0,b,aima_ch12,"In parole povere: X e Y indipendenti ⇔ P(X,Y) è quando P(X)·P(Y) ⇔ P(X|Y) è quando P(X). L'informazione su Y non cambia la probabilità di X. Forte assunzione spesso violata, da verificare."
172,9,2,cond_indep,X e Y sono CONDIZIONATAMENTE INDIPENDENTI dato Z quando:,"P(X,Y|Z) = P(X|Z)*P(Y|Z)","P(X|Y,Z) = P(Y|X,Z)",P(X|Z) = 0,a,aima_ch12,"In parole povere: X ⊥ Y | Z ⇔ P(X,Y|Z) è quando P(X|Z) · P(Y|Z). Indipendenza CONDIZIONATA: sapendo Z, sapere Y non aggiunge informazione su X. Chiave dell'efficienza delle reti bayesiane."
173,9,2,bayes_net,Una RETE BAYESIANA è:,un grafo non orientato di variabili,un DAG con variabili come nodi e CPT che esprimono P(X|parents(X)),un albero di decisione,b,aima_ch13,In parole povere: Rete bayesiana è quando DAG (Directed Acyclic Graph) + CPT (Conditional Probability Tables) per ogni nodo dato i genitori. Rappresenta compactamente distribuzioni congiunte sfruttando indipendenze condizionate.
174,9,2,bayes_chain,"La CHAIN RULE in una rete bayesiana fattorizza P(X1,...,Xn) come:",prodotto di P(Xi|parents(Xi)),somma di P(Xi),prodotto di P(Xi) (indipendenza marginale),a,aima_ch13,"In parole povere: Chain rule per reti bayesiane: P(X1,...,Xn) è quando Π_i P(Xi | parents(Xi)). Fattorizza la congiunta in prodotto di CPT locali. Esponenzialmente più compatta della tabella completa."
175,9,2,cpt,Una CPT (Conditional Probability Table) in una rete bayesiana descrive:,le distribuzioni marginali di tutti i nodi,P(X | parents(X)) per ogni nodo X,la struttura del DAG,b,aima_ch13,"In parole povere: CPT di un nodo X è quando distribuzione P(X | Parents(X)) per ogni combinazione dei valori dei genitori. Per nodo binario con k genitori binari: 2^k righe, ognuna con 1 parametro."
176,9,2,bayes_compatta,Il vantaggio di rappresentazione di una rete bayesiana è:,memorizzare la distribuzione congiunta completa,sfruttare l'indipendenza condizionata per una rappresentazione più compatta,evitare l'uso di probabilità,b,aima_ch13,In parole povere: Vantaggio reti bayesiane: indipendenze condizionate riducono i parametri. Congiunta completa è quando 2^n-1 parametri; rete con max k genitori è quando O(n·2^k). Compattezza esponenziale.
177,9,2,kr_intro,La RAPPRESENTAZIONE DELLA CONOSCENZA in IA si occupa di:,solo immagazzinare dati,formalizzare conoscenza in modo che un sistema possa ragionare su di essa,sostituire il machine learning,b,aima_ch10,"In parole povere: KR si occupa di formalizzare conoscenza affinché un sistema RAGIONI automaticamente. Include scelta del linguaggio (FOL, DL, OWL), strutturazione (ontologie), inferenza, gestione incertezza/incompletezza."
178,9,2,eventi_tempo,Per rappresentare eventi che hanno DURATA temporale si possono usare:,solo costanti,intervalli e l'algebra degli intervalli di Allen,solo numeri reali,b,aima_ch10,"Per gestire il tempo in IA si usano gli 'intervalli' (es. dalle 10 alle 12). C'è un sistema matematico (l'algebra di Allen) che definisce tutte le possibili relazioni, tipo 'prima di', 'durante', 'si sovrappone a'."
179,9,2,categoria_kr,In KR una CATEGORIA può essere reificata come:,un predicato unario solamente,un oggetto sul quale ragionare e a cui associare proprietà,una funzione di attivazione,b,aima_ch10,"In parole povere: Reificare una categoria è quando trattarla come OGGETTO sul quale puoi predicate (proprietà di proprietà). Es: invece di Cane(Pongo), usi Member(Pongo, Cane) e poi puoi dire Popolare(Cane)."
180,9,2,objet_reif,REIFICARE una categoria significa:,trattarla come oggetto del dominio (consentendo proprietà di secondo livello),distinguerla da un'istanza,renderla anonima,a,ontologie,In parole povere: Reificazione converte un predicato/relazione in un oggetto del dominio. Permette predicati di secondo ordine. Ontologia OWL fa estensivo uso di reificazione per categorie e proprietà.
181,both,1,giochi_completi,Gli SCACCHI sono:,"gioco a informazione COMPLETA, deterministico, somma zero, due giocatori",gioco stocastico a informazione incompleta,gioco cooperativo,a,sisint1,"In parole povere: Scacchi: informazione COMPLETA (vedi tutta la scacchiera), DETERMINISTICO (mosse senza casualità), SOMMA ZERO (vince uno o l'altro o patta), DUE giocatori. Caso ideale di minimax."
182,both,1,giochi_incompleti,Il POKER si distingue dagli scacchi perché:,è a informazione INCOMPLETA,è deterministico,è cooperativo,a,sisint1,"In parole povere: Poker: informazione INCOMPLETA (non vedi le carte avversarie), stocastico (ordine mescolata). Richiede ragionamento su belief states e bluffing — diverso da minimax classico."
183,both,1,euristica_es,"Per il puzzle dell'8 (8-puzzle), l'euristica 'numero di tessere fuori posto':",non è ammissibile,è ammissibile (sottostima il numero di mosse necessarie),sovrastima sempre il costo reale,b,aima_ch3,In parole povere: Tessere fuori posto: ammissibile (ogni tessera fuori posto richiede ≥1 mossa). Sottostima la distanza Manhattan. È più 'sciocca' di Manhattan ma sufficiente per garantire ottimalità di A*.
184,both,1,manhattan,"Per l'8-puzzle, l'euristica di MANHATTAN:",è ammissibile e domina 'numero di tessere fuori posto',non è ammissibile,è la distanza euclidea,a,aima_ch3,In parole povere: Manhattan è quando somma delle distanze L1 di ogni tessera dalla posizione goal. Ammissibile (somma di lower bound) e DOMINA 'tessere fuori posto' (più informativa). Risultato classico AIMA.
185,both,1,combine_h,"Date due euristiche ammissibili h1 e h2, la loro combinazione MAX(h1,h2):",non è ammissibile,è ammissibile e domina entrambe,è solo consistente,b,aima_ch3,"In parole povere: Se h1 e h2 sono ammissibili, max(h1,h2) è ancora ammissibile (resta ≤ h*) e domina entrambe. Tecnica standard: combina euristiche diverse per ottenere un bound più stretto."
186,both,2,coerenza,Una KB è CONSISTENTE se:,ammette almeno un modello,è in CNF,non contiene quantificatori,a,sisint1,In parole povere: KB consistente ⇔ ha almeno un modello (un'interpretazione che la rende vera). KB inconsistente implica logicamente qualsiasi cosa (ex falso quodlibet) — inutilizzabile.
187,both,2,validita,Una FORMULA VALIDA è:,una tautologia (vera in ogni modello),soddisfacibile ma non valida,sempre falsa,a,sisint1,"In parole povere: Valida è quando vera in OGNI modello è quando tautologia. Esempi: A∨¬A, ∀x(P(x)∨¬P(x)). Sintatticamente decidibili in proposizionale, semi-decidibili in FOL."
188,both,2,fol_funzione,"In FOL, una FUNZIONE:",restituisce sempre un valore booleano,denota un elemento del dominio dati alcuni argomenti,è uguale a un predicato,b,sisint1,"In parole povere: In FOL, una funzione f(t1,...,tn) DENOTA un elemento del dominio (es. madre_di(Carlo), quindi Anna). Diverso dai predicati che denotano valori di verità."
189,both,2,fol_predicato,"In FOL, un PREDICATO:",restituisce un valore booleano dato uno o più argomenti,denota un singolo elemento del dominio,è una sostituzione,a,sisint1,"In parole povere: Predicato P(t1,...,tn) restituisce vero/falso. Funzione restituisce un oggetto del dominio. Distinzione cruciale in FOL: i predicati formano formule, le funzioni formano termini."
190,both,3,supervisionato_vs_no,La differenza chiave tra apprendimento SUPERVISIONATO e NON SUPERVISIONATO è:,presenza/assenza di etichette di classe nei dati di training,velocità di addestramento,uso o meno della retropropagazione,a,sisint1,"In parole povere: Differenza chiave: nel supervisionato i dati sono etichettati (input, classe), nel non-supervisionato no. Determina il tipo di task possibili e gli algoritmi applicabili."
191,both,3,error_test_train,"Se l'errore sul training set è molto basso ma quello sul test set alto, siamo in:",underfitting,overfitting,clustering,b,sisint1,"In parole povere: Bassissimo training error + alto test error è quando overfitting tipico. Il modello ha imparato pattern specifici (incluso rumore) del training set, non generalizzabili."
192,both,3,underfitting,L'UNDERFITTING si manifesta quando:,il modello è troppo complesso,il modello è troppo semplice e non cattura il pattern dei dati,le etichette sono mancanti,b,integrato,"In parole povere: Underfitting: il modello è troppo semplice per catturare la struttura dei dati. Errore alto su training E test. Soluzione: modello più espressivo, più feature, più dati di qualità."
193,both,3,bias_var,Il TRADE-OFF BIAS-VARIANCE indica che:,bias e varianza sono indipendenti,riducendo il bias spesso aumenta la varianza e viceversa,bias e varianza sono entrambi nulli nei modelli buoni,b,integrato,"In parole povere: Bias-variance trade-off: bias è quando errore sistematico (modello troppo rigido), variance è quando sensibilità al campione (modello troppo flessibile). Ridurre uno aumenta l'altro. Errore atteso è quando bias² + var + irriducibile."
194,9,3,cross_valid,La CROSS VALIDATION serve a:,addestrare modelli più velocemente,stimare le prestazioni del modello in modo più affidabile riusando i dati per training/test,sostituire il test set con etichette random,b,integrato,"In parole povere: Cross-validation: dividi dati in k fold, addestra su k-1 e valida sul k-esimo, ripeti k volte. Media le metriche. Stima più stabile dell'accuratezza su test set unico. Standard: 5-fold, 10-fold."
195,both,3,gini,L'indice di GINI di un nodo è:,una misura alternativa di impurità,la distanza euclidea tra istanze,sempre 1,a,sisint1,"In parole povere: Gini(t) è quando 1 - Σ p(i|t)². Misura impurità alternativa all'entropia. Più rapida (no log). Tendenze simili. CART usa Gini, ID3/C4.5 usano gain ratio (basato su entropia)."
196,both,2,resolution_steps,Per applicare la risoluzione si parte tipicamente da:,una KB in forma normale CONGIUNTIVA (CNF),una KB in forma DNF,una rete neurale,a,sisint1,"In parole povere: Risoluzione richiede formule in CNF (congiunzione di clausole). Trasformazione: elimina implicazioni, sposta ¬ verso atomi, distribuisci ∨ su ∧. In FOL: Skolemizza prima."
197,both,1,problema_def,Un PROBLEMA di ricerca è ben definito quando si specificano:,"stato iniziale, azioni applicabili, modello di transizione, test obiettivo, funzione di costo del cammino",solo stato iniziale e goal,solo le azioni,a,aima_ch3,"Per definire un problema in modo che un computer lo risolva servono 5 ingredienti: da dove parto, dove voglio arrivare, quali mosse posso fare, cosa succede se faccio una mossa, e quanto mi costa ogni mossa."
198,both,1,ricerca_grafo,La differenza tra TREE-SEARCH e GRAPH-SEARCH è che graph-search:,non esplora alcun nodo,mantiene un insieme di nodi già esplorati per evitare di rivisitare stati,non usa la frontiera,b,aima_ch3,"In parole povere: Graph-search mantiene un insieme 'explored' di stati già visitati per evitare di rivisitarli. Critico per spazi con cicli o cammini multipli verso stessi stati. Tree-search no, e può ciclare."
199,both,1,heuristic_design,Una tecnica per progettare euristiche AMMISSIBILI è:,rendere il problema più difficile,risolvere un problema rilassato (relaxed problem) ignorando alcuni vincoli,scegliere h identicamente nulla solo,b,aima_ch3,"In parole povere: Tecnica del problema rilassato: rimuovi vincoli del problema originale, risolvilo (più facile), usa il costo ottimale come euristica del problema vero. Garantisce ammissibilità."
200,both,2,implicazione,A => B è semanticamente equivalente a:,not A or B,A and not B,not (A and B),a,sisint1,"Ricorda questo trucco logico: dire 'Se piove allora prendo l'ombrello' (A -> B) è esattamente identico a dire 'O non piove, o prendo l'ombrello' (Non A oppure B). È una regola d'oro per semplificare le formule."
201,both,2,equivalenza,A <=> B è equivalente a:,(A => B) and (B => A),A and B,A or B,a,sisint1,In parole povere: Equivalenza ↔ è doppia implicazione: A↔B è quando (A→B)∧(B→A) è quando (¬A∨B)∧(¬B∨A). Trasformazione standard nelle conversioni in CNF.
202,both,2,fol_es,La formula 'forall x (Cane(x) => Animale(x))' significa:,esiste un cane che è animale,ogni cane è un animale,nessun cane è animale,b,sisint1,"In parole povere: ∀x (Cane(x)→Animale(x)): per ogni x del dominio, se è cane allora è animale. Schema standard per esprimere relazioni di sottoclasse in FOL."
203,both,2,fol_skolem_es,"Quando si elimina exists y Ama(x,y) con x universalmente quantificato, si introduce:","una funzione di Skolem f(x) ottenendo Ama(x,f(x))",una costante anonima A,"niente, la formula resta uguale",a,aima_ch9,"In parole povere: Skolem per ∃ sotto ∀: ∀x ∃y P(x,y), quindi ∀x P(x, f(x)). La f dipende da x perché y può variare al variare di x. Preserva soddisfacibilità (non equivalenza)."
204,both,2,horn_es,La formula not A or not B or C è una clausola di Horn?,"no, ha più letterali positivi","sì, ha un solo letterale positivo (C)","sì, ma solo se è ground",b,sisint1,"In parole povere: ¬A ∨ ¬B ∨ C ha UN solo letterale positivo (C). Quindi è clausola di Horn. Equivale alla regola A ∧ B, quindi C."
205,both,2,horn_use,Le clausole di Horn sono importanti perché:,permettono inferenza efficiente (Prolog-like) con forward/backward chaining lineari,sono sempre tautologie,non possono esprimere fatti,a,sisint1,In parole povere: Le Horn permettono FC/BC LINEARI nella dimensione della KB. Forma 'naturale' delle regole (premesse→conclusione). Cuore di Prolog. Limitazione: non esprimibile A∨B senza condizioni.
206,9,2,prob_completa,La DISTRIBUZIONE CONGIUNTA COMPLETA su n variabili booleane ha:,2 entrate,2^n - 1 entrate indipendenti,sempre n entrate,b,aima_ch12,In parole povere: Distribuzione congiunta su n variabili booleane ha 2^n combinazioni; servono 2^n - 1 parametri (uno è vincolato dalla normalizzazione). Crescita esponenziale — impraticabile per n grande.
207,9,2,bayes_indip,"In una rete bayesiana, due nodi possono essere d-separati e quindi:",sempre marginalmente indipendenti,condizionatamente indipendenti dato l'insieme di nodi che li d-separano,sempre correlati,b,aima_ch13,In parole povere: d-separazione: criterio grafico per identificare indipendenze condizionate in una BN. Due nodi sono d-separati da Z se non ci sono cammini 'attivi' tra loro dato Z. Riflette le indipendenze codificate nella struttura.
208,9,2,bayes_num,"Una rete bayesiana con n nodi binari, ognuno con al più k genitori, ha al massimo:",2^n parametri,n * 2^k parametri (somma delle dimensioni delle CPT),un solo parametro,b,aima_ch13,In parole povere: Compactness BN: ogni nodo binario con al più k genitori contribuisce 2^k parametri. Totale n·2^k vs 2^n della congiunta completa. Esponenzialmente più piccolo se k << n.
209,both,3,perceptron_apprende,Il perceptron classico apprende:,solo funzioni non lineari,solo funzioni linearmente separabili,sempre la XOR,b,sisint1,In parole povere: Perceptron classico apprende SOLO funzioni linearmente separabili (esiste un iperpiano che separa le due classi). La sua regola di apprendimento converge in questo caso (teorema di Rosenblatt).
210,both,3,iperpiano,Un perceptron lineare codifica un test del tipo:,quadratico,iperpiano nello spazio delle feature,una rete bayesiana,b,sisint1,"In parole povere: Iperpiano in n dimensioni: w·x è quando θ. Sopra l'iperpiano (w·x > θ), quindi classe 1, sotto, quindi classe 0. Il perceptron impara w e θ tali che gli esempi positivi/negativi siano separati."
